"sector","provincia","código postal"
"Aesa","Santo Domingo",11101
"Agua Dulce","Santo Domingo",10305
"Alameda","Santo Domingo",10902
"Alma Rosa II","Santo Domingo",11506
"Alpes I","Santo Domingo",11509
"Altos de Arroyo Hondo I","Santo Domingo",10605
"Altos de Arroyo Hondo II","Santo Domingo",10506
"Altos de Arroyo Hondo III","Santo Domingo",10605
"Altos de Cancino","Santo Domingo",11519
"Altos de Chavon","Santo Domingo",11402
"Altos de Sabana Perdida","Santo Domingo",11404
"Altos Del Oeste","Santo Domingo",10804
"Altos Del Parque","Santo Domingo",11302
"Amarilis III","Santo Domingo",11804
"Ana Virginia","Santo Domingo",11801
"Antillas","Santo Domingo",10118
"Arboleda","Santo Domingo",10121
"Arismar","Santo Domingo",11705
"Arroyo Manzano","Santo Domingo",10505
"Atala","Santo Domingo",10115
"Atlantida","Santo Domingo",11101
"Barrio Kennedy","Santo Domingo",11805
"Barrio Antillano","Santo Domingo",10902
"Barrio Arenoso","Santo Domingo",10805
"Barrio Brisa de Charles","Santo Domingo",11803
"Barrio Chavon","Santo Domingo",10801
"Barrio Enriquillo","Santo Domingo",11002
"Barrio Gran Poder de Dios","Santo Domingo",10802
"Barrio Hermanas Mirabal","Santo Domingo",11302
"Barrio Holguin","Santo Domingo",11002
"Barrio Invi","Santo Domingo",11101
"Barrio Josue","Santo Domingo",11005
"Barrio La Esperanza","Santo Domingo",10801
"Barrio La Fe","Santo Domingo",10801
"Barrio La Piña","Santo Domingo",10802
"Barrio La Torre","Santo Domingo",10801
"Barrio La Union","Santo Domingo",10801
"Barriolandia","Santo Domingo",10802
"Barrio Las Mercedes","Santo Domingo",10803
"Barrio Libertador","Santo Domingo",11005
"Barrio Norte","Santo Domingo",11301
"Barrio Nuevo","Santo Domingo",11203
"Barrio Nuevo","Santo Domingo",11302
"Barrio Nuevo","Santo Domingo",11402
"Barrio Obrero","Santo Domingo",10515
"Barrio Paraiso","Santo Domingo",11115
"Barrio Paraiso","Santo Domingo",11809
"Barrio Paraiso","Santo Domingo",10802
"Barrio Progreso","Santo Domingo",10805
"Batey Bienvenido","Santo Domingo",10902
"Batey La Balsa","Santo Domingo",11808
"Batey Palmarejo","Santo Domingo",10701
"Batey Piragua","Santo Domingo",11808
"Bayona","Santo Domingo",10903
"Bella Colina","Santo Domingo",10902
"Bella Vista","Santo Domingo",10112
"Bella Vista","Santo Domingo",10111
"Bello Campo","Santo Domingo",11509
"Borojol","Santo Domingo",10213
"Brisa Del Eden","Santo Domingo",11803
"Buenaventura II","Santo Domingo",11805
"Buenavista","Santo Domingo",10505
"Buenas Noches","Santo Domingo",10902
"Buenos Aires Del","Santo Domingo",11102
"Cabirma Del Este I","Santo Domingo",11513
"Cabirma Del Este II","Santo Domingo",11809
"Cachiman","Santo Domingo",10514
"Calero","Santo Domingo",11601
"Campechito II","Santo Domingo",11207
"Cancino","Santo Domingo",11516
"Cancino Adentro","Santo Domingo",11517
"Cancino I","Santo Domingo",11512
"Cancino II","Santo Domingo",11512
"Capotillo","Santo Domingo",10407
"Carlos Alvarez","Santo Domingo",11202
"Carmelita","Santo Domingo",10128
"Carmen Amelia","Santo Domingo",10509
"Carolina","Santo Domingo",11510
"Castellana","Santo Domingo",10133
"Centro de Los Heroes","Santo Domingo",10101
"Centro Olimpico","Santo Domingo",10122
"Cerros de Arroyo","Santo Domingo",10504
"Cerros de Arroyo Hondo III","Santo Domingo",10605
"Cerros de Buena Vista I","Santo Domingo",11206
"Cerros de Buena Vista II","Santo Domingo",11206
"Cerros de la Yuca","Santo Domingo",11402
"Cerros de Palmarejo","Santo Domingo",10805
"Cerros de Sabana Perdida","Santo Domingo",11404
"Cerros Del Ozama","Santo Domingo",11904
"Ceuta","Santo Domingo",11206
"Ciudad Agraria","Santo Domingo",10905
"Ciudad Codiana","Santo Domingo",10805
"Ciudad de Los Trabajadores","Santo Domingo",11802
"Ciudad Del Almirante I","Santo Domingo",11806
"Ciudad Del Almirante II","Santo Domingo",11806
"Ciudad Ganadera","Santo Domingo",10116
"Ciudad Moderna","Santo Domingo",10135
"Ciudad Nueva","Santo Domingo",10208
"Ciudad Universitaria","Santo Domingo",10105
"Colinas de Arroyo Hondo","Santo Domingo",10507
"Colinas de Canaan","Santo Domingo",11115
"Colinas Del Este","Santo Domingo",11517
"Colinas Del Norte","Santo Domingo",10701
"Colinas Del Ozama","Santo Domingo",11404
"Colinas Del Seminario","Santo Domingo",10606
"Colonia de Los Doctores","Santo Domingo",11203
"Constelacion","Santo Domingo",10601
"Corales Del Sur","Santo Domingo",11704
"Costa Azul","Santo Domingo",11117
"Costa Brava","Santo Domingo",10118
"Costa Caribe","Santo Domingo",11102
"Costa Verde","Santo Domingo",11117
"Cristo Rey","Santo Domingo",10501
"Cruz Grande","Santo Domingo",11207
"Cuesta Brava","Santo Domingo",10505
"Cuesta Hermosa","Santo Domingo",10507
"Cuesta Hermosa III","Santo Domingo",10504
"Domingo Savio","Santo Domingo",10304
"Dominicanos Ausentes","Santo Domingo",11105
"Don Bosco","Santo Domingo",10201
"Don Bosco","Santo Domingo",10202
"Don Honorio","Santo Domingo",10607
"Duarte","Santo Domingo",11003
"Duarte","Santo Domingo",11512
"El Abanico de Herrera","Santo Domingo",10904
"El Brisal","Santo Domingo",11510
"El Cachon","Santo Domingo",11515
"El Cachon de la Rubia","Santo Domingo",11517
"El Cacique","Santo Domingo",10118
"El Cafe","Santo Domingo",11115
"El Caliche","Santo Domingo",10501
"El Caliche","Santo Domingo",10901
"El Catorce","Santo Domingo",10804
"El 14","Santo Domingo",10804
"El Chucho","Santo Domingo",10803
"El Condado","Santo Domingo",10607
"El Eden","Santo Domingo",11207
"El Embajador","Santo Domingo",10110
"El Ensanchito","Santo Domingo",10411
"El Fundo","Santo Domingo",11204
"El Majagual","Santo Domingo",11401
"El Mamey","Santo Domingo",11201
"El Manguito","Santo Domingo",10108
"El Millon","Santo Domingo",10149
"El Milloncito","Santo Domingo",11402
"El Palmar","Santo Domingo",10904
"El Pedregal","Santo Domingo",11107
"El Pino","Santo Domingo",10508
"El Portal","Santo Domingo",10115
"El Rosal","Santo Domingo",11506
"El Tamarindo","Santo Domingo",11809
"El Tamarindo","Santo Domingo",10801
"El Torito","Santo Domingo",11205
"El Vergel","Santo Domingo",10107
"Encarnacion","Santo Domingo",10135
"Engombe","Santo Domingo",10904
"Enriquillo","Santo Domingo",11405
"Ens. Alma Rosa","Santo Domingo",11504
"Ens. Alma Rosa","Santo Domingo",11503
"Ens. Ivan Guzman Klan","Santo Domingo",10904
"Ens. Kennedy","Santo Domingo",10513
"Ens. La Fe","Santo Domingo",10514
"Ens. Paraiso","Santo Domingo",11005
"Ens. Altagracia","Santo Domingo",11114
"Ens. Cristal","Santo Domingo",11404
"Ens. Espaillat","Santo Domingo",10402
"Ensanche Independencia","Santo Domingo",10206
"Ens. La Paz","Santo Domingo",10117
"Ens. Lugo","Santo Domingo",10209
"Ens. Luperon","Santo Domingo",10401
"Ens. Luperon","Santo Domingo",10406
"Ens. Ozama","Santo Domingo",11501
"Ens. Paraiso","Santo Domingo",11202
"Ens. Quisqueya","Santo Domingo",10145
"Ens. Quisqueya","Santo Domingo",10146
"Esperilla","Santo Domingo",10107
"Esperilla","Santo Domingo",10108
"Estela Marina","Santo Domingo",10143
"Eugenio M. de Hostos","Santo Domingo",11802
"Evaristo Morales","Santo Domingo",10147
"Faro A Colon","Santo Domingo",11604
"Felicidad","Santo Domingo",11902
"Francisco Del","Santo Domingo",11904
"Franconia","Santo Domingo",11508
"Fundacion","Santo Domingo",10505
"Gacela","Santo Domingo",11102
"Galaxia","Santo Domingo",11004
"Gazcue","Santo Domingo",10205
"Gazcue","Santo Domingo",10205
"Guachupita","Santo Domingo",10302
"Gualey","Santo Domingo",10403
"Guaricanos","Santo Domingo",11301
"Hainamosa","Santo Domingo",11807
"Hamarap","Santo Domingo",11509
"Haras Nacionales","Santo Domingo",11201
"Hato Nuevo","Santo Domingo",10902
"Herrera","Santo Domingo",11005
"Honduras","Santo Domingo",10117
"Invi","Santo Domingo",10801
"Invi Cea","Santo Domingo",11807
"Invimosa","Santo Domingo",11807
"Invivienda","Santo Domingo",11802
"Isabel","Santo Domingo",11509
"Isabel Villas","Santo Domingo",10504
"Invfapol","Santo Domingo",11801
"Ivette","Santo Domingo",11506
"Jacagua","Santo Domingo",11302
"Jardines de Alma Rosa","Santo Domingo",11503
"Jardines de Genovena","Santo Domingo",11201
"Jardines Del Sur","Santo Domingo",11105
"Juan Pablo Duarte","Santo Domingo",11003
"Julieta Morales","Santo Domingo",10130
"Katanga","Santo Domingo",11903
"Km. 7","Santo Domingo",11105
"Km. 8","Santo Domingo",11103
"La Agustina","Santo Domingo",10516
"La Agustinita","Santo Domingo",10509
"La Aldaba","Santo Domingo",10508
"La Antena","Santo Domingo",11207
"La Barquita","Santo Domingo",11404
"La Caridad","Santo Domingo",10410
"La Ceiba","Santo Domingo",10607
"La Cementera","Santo Domingo",10516
"La Cienaga","Santo Domingo",10303
"La Cienaga","Santo Domingo",10804
"La Compuerta","Santo Domingo",10802
"La Concordia","Santo Domingo",10804
"La Cuarenta","Santo Domingo",10502
"La Esperanza","Santo Domingo",10604
"La Esperanza","Santo Domingo",11508
"La Fe","Santo Domingo",10511
"La Fe","Santo Domingo",10512
"La Francia","Santo Domingo",11602
"La Fuente","Santo Domingo",10302
"La Isabela","Santo Domingo",10503
"La Isabela","Santo Domingo",10701
"La Javilla","Santo Domingo",11207
"La Julia","Santo Domingo",11207
"La Meseta","Santo Domingo",10505
"La Milagrosa","Santo Domingo",11901
"La Mina","Santo Domingo",11402
"La Piita","Santo Domingo",10802
"La Placeta","Santo Domingo",11117
"La Primavera","Santo Domingo",10207
"La Puya","Santo Domingo",10507
"La Redencion","Santo Domingo",10701
"La Rosa","Santo Domingo",11004
"La Venta","Santo Domingo",10902
"La Yuca","Santo Domingo",10120
"La Yuca","Santo Domingo",10120
"La Zurza","Santo Domingo",10408
"Lanina Gautier","Santo Domingo",10516
"Las Acacias","Santo Domingo",11104
"Las Americas","Santo Domingo",11606
"Las Caobas","Santo Domingo",10905
";as Capbotas","Santo Domingo",10905
"Las Colinas","Santo Domingo",10608
"Las Crorias","Santo Domingo",10805
"Las Enfermeras","Santo Domingo",11906
"Las Flores","Santo Domingo",10502
"Las Frutas","Santo Domingo",11904
"Las Palmas","Santo Domingo",11003
"Las Palmas","Santo Domingo",11511
"Las Palmeras","Santo Domingo",11302
"Las Villas","Santo Domingo",10603
"Lebron","Santo Domingo",10801
"Libertad","Santo Domingo",11403
"Lomas de Arroyo Hondo","Santo Domingo",10507
"Lope de Vega","Santo Domingo",10125
"Los 3 Brazos","Santo Domingo",11905
"Los Alcarrizos","Santo Domingo",10801
"Los Alcarrizos","Santo Domingo",10802
"Los Americanos","Santo Domingo",10802
"Los Angeles","Santo Domingo",10702
"Los Arrecifes","Santo Domingo",10118
"Los Arroyos","Santo Domingo",10507
"Los Cacicazgos","Santo Domingo",11108
"Los Caminos","Santo Domingo",10510
"Los Casabes","Santo Domingo",11302
"Los Conucos","Santo Domingo",11204
"Los Coordinadores","Santo Domingo",11405
"Los Frailes","Santo Domingo",11705
"Los Frailes II","Santo Domingo",11706
"Los Girasoles","Santo Domingo",10702
"Los Guandules","Santo Domingo",10304
"Los Guayabos","Santo Domingo",10607
"Los Jardines Del Norte","Santo Domingo",10602
"Los Libertadores","Santo Domingo",10802
"Los Maestros","Santo Domingo",11110
"Los Millones","Santo Domingo",10139
"Los Millones","Santo Domingo",10140
"Los Millones","Santo Domingo",10141
"Los Millones","Santo Domingo",10142
"Los Millones","Santo Domingo",10144
"Los Mina Norte","Santo Domingo",11903
"Los Mina Sur","Santo Domingo",11901
"Los Mina Viejo","Santo Domingo",11906
"Los Molinos","Santo Domingo",11603
"Los Molinos","Santo Domingo",11801
"Los Palmares","Santo Domingo",11403
"Los Peralejos","Santo Domingo",10702
"Los Pinos","Santo Domingo",10508
"Los Pinos","Santo Domingo",10608
"Los Pinos","Santo Domingo",11807
"Los Praditos","Santo Domingo",10130
"Los Prados","Santo Domingo",10131
"Los Prados","Santo Domingo",10132
"Los Proceres","Santo Domingo",10601
"Los Restauradores","Santo Domingo",10137
"Los Restauradores","Santo Domingo",11805
"Los Rios","Santo Domingo",10604
"Los Robles","Santo Domingo",10106
"Los Rosales","Santo Domingo",11809
"Los Tres Ojos","Santo Domingo",11605
"Los Trinitarios","Santo Domingo",11512
"Los Trinitarios II","Santo Domingo",11801
"Loteria","Santo Domingo",11405
"Loteria","Santo Domingo",11508
"Loteria","Santo Domingo",11106
"Lotes Y Servicios","Santo Domingo",11401
"Lotificacion Del Este","Santo Domingo",11707
"Lotificacion Engombe","Santo Domingo",10904
"Lotificacion Vista Verde","Santo Domingo",10701
"Lucerna","Santo Domingo",11516
"Luz Consuelo","Santo Domingo",11107
"Luz Divina","Santo Domingo",11004
"Mandinga","Santo Domingo",11512
"Manganagua","Santo Domingo",10138
"Manoguayabo","Santo Domingo",10902
"Manresa","Santo Domingo",11117
"Manzano","Santo Domingo",10505
"Maquiteria","Santo Domingo",11604
"Mar Azul","Santo Domingo",11104
"Maraon","Santo Domingo",11201
"Maraon II","Santo Domingo",11202
"Marbella III","Santo Domingo",11705
"Maria Auxiliadora","Santo Domingo",10302
"Maria Auxiliadora","Santo Domingo",10305
"Maria Isabela","Santo Domingo",11203
"Mata Hambre","Santo Domingo",10102
"Mata Los Indios","Santo Domingo",11202
"Mejoramiento Social","Santo Domingo",10301
"Mejoramiento Social","Santo Domingo",10306
"Mendoza","Santo Domingo",11510
"Mi Hogar","Santo Domingo",11510
"Mi Sueo","Santo Domingo",11509
"Mil Flores","Santo Domingo",11905
"Mirador","Santo Domingo",11102
"Mirador Este","Santo Domingo",11708
"Mirador Norte","Santo Domingo",10114
"Mirador Sur","Santo Domingo",11109
"Miraflores","Santo Domingo",10203
"Miramar","Santo Domingo",11103
"Modelo","Santo Domingo",11301
"Molinuevo","Santo Domingo",11502
"Naco","Santo Domingo",10124
"Naco","Santo Domingo",10122
"Naco","Santo Domingo",10123
"Naco","Santo Domingo",10119
"Narcisa","Santo Domingo",11512
"Nordesa III","Santo Domingo",11103
"Nueva Isabela","Santo Domingo",11301
"Nuevo Amanecer","Santo Domingo",11804
"Nuevo Amanecer","Santo Domingo",10805
"Nuevo Horizonte","Santo Domingo",10805
"Nuevo Renacer","Santo Domingo",11807
"Obras Publicas","Santo Domingo",10801
"Palma Real","Santo Domingo",10702
"Palmarejito","Santo Domingo",10805
"Pantoja","Santo Domingo",10701
"Paraiso","Santo Domingo",10126
"Paraiso Del Caribe","Santo Domingo",10903
"Paraiso Oriental","Santo Domingo",11508
"Parque Del Este I","Santo Domingo",11603
"Parque Ind. Nueva Isabela","Santo Domingo",11807
"Parque Isabela","Santo Domingo",10503
"Parque Mirador Este","Santo Domingo",11604
"Piantini","Santo Domingo",10127
"Piantini","Santo Domingo",10148
"Piantini","Santo Domingo",10150
"Pidoca","Santo Domingo",11901
"Pista de Motocros La Yuca","Santo Domingo",10505
"Ponce","Santo Domingo",11302
"Pradera Hermosa","Santo Domingo",10608
"Prados Del Cachon","Santo Domingo",11515
"Progreso","Santo Domingo",11403
"Proyecto Bnv","Santo Domingo",11302
"Proyecto Ciudad","Santo Domingo",11301
"Pueblo Nuevo","Santo Domingo",10805
"Pueblo Nuevo","Santo Domingo",11601
"Puerto de Haina","Santo Domingo",11117
"Puerto Rico","Santo Domingo",11904
"Puerto Rico","Santo Domingo",10805
"Radiante","Santo Domingo",11207
"Ralma","Santo Domingo",11507
"Renacimiento","Santo Domingo",11111
"Renacimiento","Santo Domingo",11112
"Rep. Alma Rosa","Santo Domingo",11511
"Rep. Villa Carmen","Santo Domingo",11802
"Rep. Villa Maria","Santo Domingo",11201
"Reparto Aguedita","Santo Domingo",10218
"Reparto Caribe","Santo Domingo",11706
"Reparto Miguelina","Santo Domingo",10702
"Reparto Rudima","Santo Domingo",11207
"Reparto Samaria","Santo Domingo",10702
"Res. Amapola","Santo Domingo",11518
"Res. Clarimar","Santo Domingo",11803
"Res. Del Este","Santo Domingo",11510
"Res. Don Oscar","Santo Domingo",11517
"Res. El Dorado","Santo Domingo",11202
"Res. Fernandez Oriental","Santo Domingo",11804
"Res. Idalia A 1","Santo Domingo",11514
"Res. Lomisa","Santo Domingo",11513
"Res. Mirador Del Este","Santo Domingo",11804
"Res. Noelia","Santo Domingo",11402
"Res. Oriente","Santo Domingo",11509
"Res. Parque Del Este","Santo Domingo",11604
"Res. Santo Domingo","Santo Domingo",11114
"Res. Sol de Luz","Santo Domingo",11205
"Res. Teresa","Santo Domingo",11704
"Res. Enriquillo","Santo Domingo",11106
"Res. Alameda","Santo Domingo",10902
"Res. Almendra","Santo Domingo",10902
"Res. Canaan","Santo Domingo",11116
"Res. Don Oscar","Santo Domingo",11809
"Res. Jose Contreras","Santo Domingo",11102
"Res. La Yuca","Santo Domingo",10606
"Res. Loyola","Santo Domingo",10904
"Res. Rosmil","Santo Domingo",10136
"Rivera Del Haina","Santo Domingo",10903
"Rocamar","Santo Domingo",10115
"Rosa Maria","Santo Domingo",10904
"Rosario Sanchez","Santo Domingo",11904
"Sabana Centro","Santo Domingo",11404
"Sabana Perdida","Santo Domingo",11404
"Sabaneta","Santo Domingo",11808
"Salome Urea","Santo Domingo",11405
"San Antonio","Santo Domingo",11902
"San Bartolo","Santo Domingo",11706
"San Carlos","Santo Domingo",10216
"San Carlos","Santo Domingo",10217
"San Francisco","Santo Domingo",11004
"San Geronimo","Santo Domingo",10104
"San Geronimo","Santo Domingo",10134
"San Jose","Santo Domingo",11105
"San Jose de Mendoza","Santo Domingo",11803
"San Lazaro","Santo Domingo",10211
"San Martin de Porres","Santo Domingo",10302
"San Miguel","Santo Domingo",10212
"San Miguel","Santo Domingo",10902
"San Miguel","Santo Domingo",11106
"San Pablo II","Santo Domingo",11518
"Sans Souci","Santo Domingo",11603
"Sandra","Santo Domingo",11107
"Sandra I","Santo Domingo",11107
"Santa Cruz","Santo Domingo",11205
"Santa Rosa","Santo Domingo",10502
"Sarasota","Santo Domingo",10113
"Savica","Santo Domingo",10803
"Savica","Santo Domingo",11507
"Simon Bolivar","Santo Domingo",10405
"Simonico","Santo Domingo",11602
"Sol Naciente","Santo Domingo",11509
"Suriel","Santo Domingo",11204
"Trabajadores","Santo Domingo",11802
"Tropical Del Este","Santo Domingo",11704
"Tropicana","Santo Domingo",11105
"Trueva","Santo Domingo",10501
"Urb. Amanda","Santo Domingo",11508
"Urb. Ana T. Balaguer","Santo Domingo",11807
"Urb. Brisa Del Norte","Santo Domingo",10702
"Urb. Charles de Gaulle","Santo Domingo",11403
"Urb. El Remanso","Santo Domingo",11202
"Urb. El Rosal","Santo Domingo",11004
"Urb. Italia","Santo Domingo",11506
"Urb. Las Palmas","Santo Domingo",10901
"Urb. Las Praderas","Santo Domingo",10135
"Urb. Maximo Gomez","Santo Domingo",11205
"Urb. Olimpo","Santo Domingo",10901
"Urb. Primavera","Santo Domingo",11203
"Urb. Puerta de Hierro","Santo Domingo",10505
"Urb. Real","Santo Domingo",11112
"Urb. San Rafael","Santo Domingo",10805
"Urb. Santa Cruz","Santo Domingo",11204
"Urb. Sarah Gabriela","Santo Domingo",11201
"Urb. Fernandez","Santo Domingo",10129
"Urb. Las Mercedes","Santo Domingo",10803
"Urb. Palma Real","Santo Domingo",10702
"Valle Encantado","Santo Domingo",10802
"Valle Verde","Santo Domingo",11201
"Varia","Santo Domingo",10803
"Vecinos Unidos","Santo Domingo",11508
"Viejo Arroyo Hondo","Santo Domingo",10510
"Vietnam","Santo Domingo",11902
"Villa Adela","Santo Domingo",11707
"Villa Aura","Santo Domingo",10901
"Villa Blanca","Santo Domingo",11405
"Villa Carmela","Santo Domingo",11201
"Villa Carmen","Santo Domingo",11802
"Villa Claudina","Santo Domingo",10607
"Villa Consuelo","Santo Domingo",10308
"Villa Consuelo","Santo Domingo",10309
"Villa Duarte","Santo Domingo",11602
"Villa Elena","Santo Domingo",10608
"Villa Eloisa","Santo Domingo",11707
"Villa Esfuerzo","Santo Domingo",11805
"Villa Esperanza","Santo Domingo",11402
"Villa Faro","Santo Domingo",11505
"Villa Francisca","Santo Domingo",10214
"Villa Francisca","Santo Domingo",10215
"Villa Juana","Santo Domingo",10412
"Villa Juana","Santo Domingo",10413
"Villa Maria","Santo Domingo",10307
"Villa Marina","Santo Domingo",10608
"Villa Mella","Santo Domingo",11201
"Villa Nazaret","Santo Domingo",10903
"Villa Nueva","Santo Domingo",11201
"Villa Olimpica","Santo Domingo",11606
"Villa Peravia","Santo Domingo",10902
"Villa San Felipe","Santo Domingo",10802
"Villa Satelite","Santo Domingo",11201
"Villas Agricolas","Santo Domingo",10409
"Villas Agricolas","Santo Domingo",10410
"Villas Del Cafe","Santo Domingo",11116
"Villas Naco","Santo Domingo",10804
"Vista Bella","Santo Domingo",11201
"Vista Hermosa","Santo Domingo",11517
"Yaquito","Santo Domingo",10502
"Zona Colonial","Santo Domingo",10210
"Zona Franca de Los Alcarrizos","Santo Domingo",10802
"Zona Franca Industrial de Herrera","Santo Domingo",11806
"Zona Industrial de Villa Mella","Santo Domingo",11206
"Zona Industrial de Herrera","Santo Domingo",11113
"Zona Industrial de Herrera","Santo Domingo",11001
"Zona Industrial de la Isabela","Santo Domingo",11205
"Zona Universitaria","Santo Domingo",10103
"12 de Haina","Santo Domingo",11116
"16 de Agosto","Santo Domingo",11101
"2 de Enero","Santo Domingo",11404
"24 de Abril","Santo Domingo",10404
"24 de Abril","Santo Domingo",10803
"27 de Febrero","Santo Domingo",10305
"30 de Mayo","Santo Domingo",10116
"Distrito Nacional","Distrito Nacional",10100
"Santo Domingo Norte","Santo Domingo",11200
"Santo Domingo Este","Santo Domingo",11500
"Santo Domingo Oeste","Santo Domingo",10700
"Boca Del Soco","San Pedro de Macoris",21001
"Guayacanes","San Pedro de Macoris",21002
"La Punta","San Pedro de Macoris",21003
"Juan Dolio","San Pedro de Macoris",21004
"San Jose de Los Llanos","San Pedro de Macoris",21100
"Cayacoa","San Pedro de Macoris",21101
"El Guayabal","San Pedro de Macoris",21102
"Los Jibaros","San Pedro de Macoris",21103
"Los Montones","San Pedro de Macoris",21104
"San Geronimo","San Pedro de Macoris",21105
"Ajagual","San Pedro de Macoris",21201
"Los Lorenes","San Pedro de Macoris",21202
"Magarin","San Pedro de Macoris",21203
"Alejandro Bass","San Pedro de Macoris",21301
"Las Callas","San Pedro de Macoris",21302
"Pajarito","San Pedro de Macoris",21401
"Los Montones","San Pedro de Macoris",21402
"Zorra Buena","San Pedro de Macoris",21403
"Caonabo","San Pedro de Macoris",21404
"Malulani","San Pedro de Macoris",21405
"Gautier Dm","San Pedro de Macoris",21406
"Aleton","La Romana",22001
"Guaymate","La Romana",22002
"Isla Saona","La Romana",22003
"Altos de Chavon","La Romana",22004
"Sabana","La Romana",22101
"10 de Cumayasa Dm","La Romana",22201
"Bejucal","La Altagracia",23001
"Santana","La Altagracia",23002
"El Salado","La Altagracia",23003
"Jima Jaragua","La Altagracia",23004
"Los Rios","La Altagracia",23005
"Mata Chalupa","La Altagracia",23006
"Bayahibe Dm","La Altagracia",23101
"Boca de Yuma","La Altagracia",23102
"Gato","La Altagracia",23103
"La Piita","La Altagracia",23104
"Boca de Yuma Dm","La Altagracia",23105
"Caada Honda","La Altagracia",23201
"El Barrero","La Altagracia",23202
"Las Guamas","La Altagracia",23203
"Otra Banda Dm","La Altagracia",23204
"El Bonao","La Altagracia",23205
"Duyey","La Altagracia",23206
"Cruz Del Isleo","La Altagracia",23207
"Bavaro","La Altagracia",23301
"Punta Cana","La Altagracia",23302
"Arroyo Grande","El Seybo",24001
"Campia","El Seybo",24002
"Candelaria","El Seybo",24003
"Las Cuchillas","El Seybo",24004
"El Cuey","El Seybo",24005
"Magarin","El Seybo",24006
"Mata de Palma","El Seybo",24007
"San Francisco Dm","El Seybo",24008
"Santa Lucia Dm","El Seybo",24009
"Vicentillo","El Seybo",24010
"Anama","El Seybo",24011
"","El Seybo",24012
"El Jovero","El Seybo",24101
"El Morro","El Seybo",24102
"Las Lilas","El Seybo",24103
"Isabelita","El Seybo",24104
"Pedro Sanchez Dm","El Seybo",24105
"Don Lpez","Hato Mayor",25001
"Guayabo Dulce Dm","Hato Mayor",25002
"Manchado","Hato Mayor",25003
"Mata Palacio Dm","Hato Mayor",25004
"El Centro","Hato Mayor",25101
"Arenita","Hato Mayor",25201
"Rincn Fogn","Hato Mayor",25202
"San Rafael","Hato Mayor",25203
"Elupina Cordero","Hato Mayor",25204
"Magua","Hato Mayor",25105
"Yerba Buena Dm","Hato Mayor",25106
"Las Claras","Hato Mayor",25107
"El Mamn","Hato Mayor",25108
"Los Hatillos Dm","Hato Mayor",25109
"Elupina Cordero de las Caitas Dm","Hato Mayor",25110
"La Pia de Joya Dm","Hato Mayor",25111
"Colon","Duarte",31001
"La Cruz de Cenovi Dm","Duarte",31002
"Guiza","Duarte",31003
"Jaya","Duarte",31004
"Los Bejucos","Duarte",31005
"Las Guazumas","Duarte",31006
"La Malena","Duarte",31007
"El Aguacate Dm","Duarte",31101
"Las Coles Dm","Duarte",31102
"Las Carreras","Duarte",31103
"La Jagua","Duarte",31104
"Agua Santa Del Yuna Dm","Duarte",31105
"Barranquito Dm","Duarte",31106
"Cristo Rey de Guaraguao Dm","Duarte",31107
"Barraquito","Duarte",31108
"Guaraguao","Duarte",31109
"Los Peynado","Duarte",31110
"Los Aguayos Dm","Duarte",31111
"Gina Clara","Duarte",31201
"Juan Diaz","Duarte",31202
"Los Cachones","Duarte",31203
"Los Llanos","Duarte",31204
"Rincon Hondo","Duarte",31205
"Las Taranas Dm","Duarte",31206
"Yaiba Abajo","Duarte",31207
"Acicate","Duarte",31301
"Cerrejon","Duarte",31302
"Sabana Grande Dm","Duarte",31303
"Buena Vista","Duarte",31401
"Caobete","Duarte",31402
"Cuaba Abajo","Duarte",31403
"San Felipe Arriba","Duarte",31404
"Ceiba de Los Pajaros","Duarte",31501
"Chiringo","Duarte",31502
"Las Taranas","Duarte",31503
"Yeiba","Duarte",31504
"La Enea","Duarte",31601
"El Hato","Duarte",31602
"Rincon de Los Genaos","Duarte",31603
"Los Riveras","Duarte",31604
"Callejon de Tilo","Duarte",31701
"Paraguay","Duarte",31702
"La Reforma","Duarte",31703
"La Bajada","Duarte",31801
"Majagual","Duarte",31802
"Dichoso","Duarte",31803
"Laguna de Coto","Duarte",31804
"La Mesa","Duarte",31805
"Patao","Duarte",31806
"La Pea","Duarte",31807
"Ponton","Duarte",31808
"Ramonal","Duarte",31809
"Acosta","Samana",32001
"Arroyo Barril Dm","Samana",32002
"Las Garelas Dm","Samana",32003
"Los Cacaos","Samana",32004
"Honduras","Samana",32005
"Juana Vicenta","Samana",32006
"El Limon Dm","Samana",32007
"Las Pacualas","Samana",32008
"La Majagua","Samana",32101
"Las Garitas","Samana",32102
"Agua Santa Dal Yuma","Samana",32103
"Majagual","Samana",32104
"El Jaimito","Samana",32201
"El Coson","Samana",32202
"La Barbacoa","Samana",32203
"El Naranjo","Samana",32204
"Las Carcobas","Maria Trinidad Sanchez",33001
"El Guayabo","Maria Trinidad Sanchez",33002
"Las Gordas","Maria Trinidad Sanchez",33003
"Abreu","Maria Trinidad Sanchez",33101
"Arroyo Salado","Maria Trinidad Sanchez",33102
"La Entrada","Maria Trinidad Sanchez",33103
"La Jaguita","Maria Trinidad Sanchez",33104
"El Pozo","Maria Trinidad Sanchez",33201
"El Papagayo","Maria Trinidad Sanchez",33202
"Los Pajones","Maria Trinidad Sanchez",33203
"El Telanza","Maria Trinidad Sanchez",33204
"Los Indios","Maria Trinidad Sanchez",33205
"San Jos de Maranza","Maria Trinidad Sanchez",33206
"Payita","Maria Trinidad Sanchez",33207
"Caja de Jobo","Maria Trinidad Sanchez",33301
"Cruce Del Rincon","Maria Trinidad Sanchez",33302
"Los Yayales","Maria Trinidad Sanchez",33303
"La Entrada","Maria Trinidad Sanchez",33304
"Arroyo Salado","Maria Trinidad Sanchez",33305
"La Gorda","Maria Trinidad Sanchez",33306
"Arroyo Al Medio","Maria Trinidad Sanchez",33307
"Jamao Adentro","Hermanas Mirabal",34001
"Jamao Afuera","Hermanas Mirabal",34002
"Loa Cacaos","Hermanas Mirabal",34003
"Palmarito","Hermanas Mirabal",34004
"Boba Arriba","Hermanas Mirabal",34101
"Canete","Hermanas Mirabal",34102
"La Gran Parada","Hermanas Mirabal",34103
"Paso Hondo","Hermanas Mirabal",34104
"El Placer","Hermanas Mirabal",34105
"La Ceiba","Hermanas Mirabal",34201
"Los Limones","Hermanas Mirabal",34202
"San Jose","Hermanas Mirabal",34203
"Santa Ana","Hermanas Mirabal",34204
"Blanco Arriba","Hermanas Mirabal",34301
"Bacui","La Vega",41001
"Bayacanes","La Vega",41002
"Burende","La Vega",41003
"Cabirmota","La Vega",41004
"El Cafe","La Vega",41005
"El Mamey","La Vega",41006
"Guarey","La Vega",41007
"El Jamo","La Vega",41008
"La Peda","La Vega",41009
"Las Cabuyas","La Vega",41010
"Las Canas","La Vega",41011
"Licey","La Vega",41012
"Ponton","La Vega",41013
"Sabaneta","La Vega",41014
"Tavera Abajo","La Vega",41015
"Maldonado","La Vega",41101
"Palero","La Vega",41102
"Tireo Dm","La Vega",41103
"La Altagracia","La Vega",41104
"Arroyo Frio","La Vega",41105
"La Descubierta","La Vega",41106
"Las Palomas","La Vega",41107
"El Rio","La Vega",41108
"Tireo Abajo","La Vega",41109
"Tireo Arriba","La Vega",41110
"La Sabina Dm","La Vega",41111
"Buena Vista Dm","La Vega",41201
"Hato Viejo","La Vega",41202
"Corocito","La Vega",41203
"Estancia","La Vega",41204
"Hatillo","La Vega",41205
"Junumucu","La Vega",41205
"Los Corozos","La Vega",41206
"Manabao","La Vega",41207
"Los Dajaos","La Vega",41208
"La Cienega","La Vega",41209
"Paso Bajito","La Vega",41210
"Pedregal","La Vega",41211
"Piedra Blanca","La Vega",41212
"Pina Quemado","La Vega",41213
"Los Forosos","La Vega",41214
"Cabirma","La Vega",41215
"Rio Verde Arriba Dm","La Vega",41216
"Arroyo Hondo Arriba","La Vega",41217
"El Mirador","La Vega",41218
"El Naranjal","La Vega",41219
"Pueblo Viejo","La Vega",41220
"Rio Vrede Abajo","La Vega",41221
"Rio Vrede Arriba","La Vega",41222
"La Frontera","La Vega",41301
"Jima Arriba","La Vega",41302
"San Bartolo","La Vega",41303
"Rincon Dm","La Vega",41304
"La Curbita","La Vega",41305
"Junumucu","La Vega",41306
"Arroyo Toro Dm","Monseor Nouel",42001
"Barrio Prosperidad","Monseor Nouel",42001
"La Salvia","Monseor Nouel",42001
"Urb. Falcombridge","Monseor Nouel",42001
"Urb. Jacaranda","Monseor Nouel",42001
"Urb. La Salvia","Monseor Nouel",42001
"Bejucal","Monseor Nouel",42002
"Barrio La Privada","Monseor Nouel",42002
"Barrio Los Olimpicos","Monseor Nouel",42002
"Barrio Los Transformadores","Monseor Nouel",42002
"Barrio San Jose","Monseor Nouel",42002
"Barrio Santa Rosa","Monseor Nouel",42002
"Ensanche Libertad","Monseor Nouel",42002
"Mejoramiento Social","Monseor Nouel",42002
"Reparto Quisqueya","Monseor Nouel",42002
"Reparto Yuna","Monseor Nouel",42002
"Zona Franca de Bonao","Monseor Nouel",42002
"Blanco","Monseor Nouel",42003
"La Villa","Monseor Nouel",42003
"Las Delicias","Monseor Nouel",42003
"Urb. Miriam","Monseor Nouel",42003
"Urb. San Pablo","Monseor Nouel",42003
"El Verde","Monseor Nouel",42004
"Jayaco Dm","Monseor Nouel",42005
"Juma Bejucal Dm","Monseor Nouel",42006
"La Salvia","Monseor Nouel",42007
"Masipedro","Monseor Nouel",42008
"Sabana Del Puerto Dm","Monseor Nouel",42009
"Hato Viejo","Monseor Nouel",42101
"Los Martinez","Monseor Nouel",42102
"Arroyo Vuelta","Monseor Nouel",42201
"El 77","Monseor Nouel",42202
"Juan Adrian Dm","Monseor Nouel",42203
"Rincon de Yuboa","Monseor Nouel",42204
"Villa Sonador Dm","Monseor Nouel",42205
"Caballero Abajo","Monseor Nouel",43001
"Chacuel Maldonado","Monseor Nouel",43002
"Hatillo","Monseor Nouel",43003
"Las Lagunas","Monseor Nouel",43004
"Los Cerros","Monseor Nouel",43005
"Platanal","Monseor Nouel",43006
"Sabana Grande Abajo","Monseor Nouel",43007
"Zambra Abajo","Monseor Nouel",43008
"Abadesa","Monseor Nouel",43101
"Batero","Monseor Nouel",43102
"Sierra Prieta","Monseor Nouel",43201
"Angelina Dm","Monseor Nouel",43202
"La Cueva Dm","Monseor Nouel",43301
"Sabana Grande","Monseor Nouel",43302
"Angelina","Monseor Nouel",43401
"La Vija Dm","Monseor Nouel",43402
"La Cana","Monseor Nouel",43403
"Las Corozas","Monseor Nouel",43404
"Hernando Alonzo","Monseor Nouel",43405
"Platanal Dm","Monseor Nouel",43406
"Quita Sueo Dm","Monseor Nouel",43407
"Aguacate de Jacagua","Santiago de Los Caballeros",51001
"Canabacoa","Santiago de Los Caballeros",51002
"El Ingenio Abajo","Santiago de Los Caballeros",51003
"El Papayo","Santiago de Los Caballeros",51004
"El Ranchito","Santiago de Los Caballeros",51005
"Estancia Nueva","Santiago de Los Caballeros",51006
"Gurabo Abajo","Santiago de Los Caballeros",51007
"Jagaua","Santiago de Los Caballeros",51008
"La Bucara","Santiago de Los Caballeros",51009
"La Cienaga","Santiago de Los Caballeros",51010
"La Herradura","Santiago de Los Caballeros",51011
"La Javilla","Santiago de Los Caballeros",51012
"Las Charcas","Santiago de Los Caballeros",51013
"Matanza","Santiago de Los Caballeros",51014
"Monte Adentro Abajo","Santiago de Los Caballeros",51015
"Palo Marrillo","Santiago de Los Caballeros",51016
"Palo Quemado","Santiago de Los Caballeros",51017
"Pontezuela Al Medio","Santiago de Los Caballeros",51018
"Pual","Santiago de Los Caballeros",51019
"San Francisco de Jacagua Dm","Santiago de Los Caballeros",51020
"Cuesta Abajo","Santiago de Los Caballeros",51101
"Eugenio Perdomo","Santiago de Los Caballeros",51102
"Guama","Santiago de Los Caballeros",51103
"Inoa","Santiago de Los Caballeros",51104
"Mata Grande","Santiago de Los Caballeros",51105
"Los Montones Abajo","Santiago de Los Caballeros",51106
"Pedregal","Santiago de Los Caballeros",51107
"Las Piedras","Santiago de Los Caballeros",51108
"Las Plasetas Dm","Santiago de Los Caballeros",51109
"Yerba Buena","Santiago de Los Caballeros",51110
"Arroyo Hondo","Santiago de Los Caballeros",51121
"Cagueyes","Santiago de Los Caballeros",51201
"Ceb","Santiago de Los Caballeros",51202
"Dicayagua Abajo","Santiago de Los Caballeros",51203
"La Guama","Santiago de Los Caballeros",51204
"Jagua Abajo","Santiago de Los Caballeros",51205
"Loma Del Corral","Santiago de Los Caballeros",51206
"Mesetas","Santiago de Los Caballeros",51207
"Pinalito","Santiago de Los Caballeros",51208
"Yaque Abajo","Santiago de Los Caballeros",51209
"Sabana Iglesia Dm","Santiago de Los Caballeros",51210
"El Caimito Dm","Santiago de Los Caballeros",51211
"Baitoa Dm","Santiago de Los Caballeros",51212
"Caada Bonita","Santiago de Los Caballeros",51301
"Estancia Del Yaque","Santiago de Los Caballeros",51302
"La Lomota","Santiago de Los Caballeros",51303
"La Villa Nueva","Santiago de Los Caballeros",51304
"Mejia de Navarrete","Santiago de Los Caballeros",51305
"Pontoncito","Santiago de Los Caballeros",51306
"Vuelta Larga","Santiago de Los Caballeros",51307
"La Cruz de Maria Francisca","Santiago de Los Caballeros",51401
"Licey Arriba","Santiago de Los Caballeros",51402
"Licey Abajo","Santiago de Los Caballeros",51403
"Las Palomas","Santiago de Los Caballeros",51404
"La Cruz de Izalguez","Santiago de Los Caballeros",51405
"Boca de Maizal","Santiago de Los Caballeros",51501
"Canca La Piedra","Santiago de Los Caballeros",51502
"Carlos Diaz","Santiago de Los Caballeros",51503
"Guazumal Arriba","Santiago de Los Caballeros",51504
"Las Bocas de Licey","Santiago de Los Caballeros",51505
"Licey Al Medio","Santiago de Los Caballeros",51506
"Pontezuela","Santiago de Los Caballeros",51507
"El Limon Dm","Santiago de Los Caballeros",51601
"Las Lavas","Santiago de Los Caballeros",51602
"Macoris Del Limon","Santiago de Los Caballeros",51603
"Palmar Abajo Dm","Santiago de Los Caballeros",51604
"Quinigua","Santiago de Los Caballeros",51605
"Las Auyamas","Santiago de Los Caballeros",51701
"Sabana Iglesia","Santiago de Los Caballeros",51801
"Los Ranchos","Santiago de Los Caballeros",51802
"Las Zanjas","Santiago de Los Caballeros",51803
"Baitoa","Santiago de Los Caballeros",51901
"Lopez","Santiago de Los Caballeros",51902
"San Jos Adentro","Santiago de Los Caballeros",51903
"San Jos Afuera","Santiago de Los Caballeros",51904
"Hatillo San Lorenzo","Santiago de Los Caballeros",51101
"Hato Del Yaque Dm","Santiago de Los Caballeros",51102
"Sabana Grande de Batey","Santiago de Los Caballeros",51103
"","Santiago de Los Caballeros",51110
"Caafistol","Santiago de Los Caballeros",51104
"Celestina","Santiago de Los Caballeros",51105
"Corocito","Santiago de Los Caballeros",51106
"Diferencia","Santiago de Los Caballeros",51107
"Jicome","Santiago de Los Caballeros",51108
"Magua","Santiago de Los Caballeros",51109
"Manacla","Santiago de Los Caballeros",51110
"Mata Del Dajao","Santiago de Los Caballeros",51111
"Naranjo Bajon","Santiago de Los Caballeros",51112
"El Rubio Dm","Santiago de Los Caballeros",51113
"","Santiago de Los Caballeros",51120
"Franco Bid","Santiago de Los Caballeros",51121
"Janey","Santiago de Los Caballeros",51122
"Juncalito Abajo","Santiago de Los Caballeros",51123
"Rincón Largo","Norte",51124
"Rincon Llano","Santiago de Los Caballeros",51125
"Canca Reina","Espaillat",56001
"El Aguacate","Espaillat",56002
"El Agarrobo","Espaillat",56003
"El Higuero","Espaillat",56004
"Luan Lpez Abajo","Espaillat",56005
"Las Lagunas Abajo","Espaillat",56006
"Llenas","Espaillat",56007
"Monte de la Jagua","Espaillat",56008
"Paso de Moca","Espaillat",56009
"San Luis","Espaillat",56010
"Zafarraya","Espaillat",56011
"La Guama de Guananao","Espaillat",56101
"Hato Viejo","Espaillat",56102
"Bejuco Blanco","Espaillat",56201
"El Jobo","Espaillat",56202
"Magante","Espaillat",56203
"Ojo de Agua","Espaillat",56204
"Veragua Abajo","Espaillat",56205
"Camarones","Espaillat",56301
"Palma Herrera","Espaillat",56302
"Rancho de Los Platanos","Espaillat",56303
"Jamao Al Norte","Espaillat",56401
"Jamao Al Sur","Espaillat",56402
"Los Brazos","Espaillat",56403
"San Victor Abajo","Espaillat",56501
"Los Amaceyes Arriba","Espaillat",56502
"Puesto Grande","Espaillat",56503
"La Ceiba de Madera","Espaillat",56504
"El Higuero","Espaillat",56601
"Jagua Clara","Espaillat",56602
"La Piragua","Espaillat",56603
"El Copey","Puerto Plata",57001
"Los Mameyes","Puerto Plata",57002
"Maimn","Puerto Plata",57003
"Sabana Grande","Puerto Plata",57004
"Tubagua","Puerto Plata",57005
"Yasica Abajo","Puerto Plata",57006
"El Toro","Puerto Plata",57007
"Escalera","Puerto Plata",57101
"Higuero","Puerto Plata",57102
"Los Llanos","Puerto Plata",57103
"Palmar Grande","Puerto Plata",57104
"El Mamey","Puerto Plata",57105
"Pescado Bono","Puerto Plata",57106
"Caada Honda","Puerto Plata",57107
"Fundacion","Puerto Plata",57201
"La Altagracia","Puerto Plata",57202
"La Cabirma","Puerto Plata",57203
"Hoya Grande","Puerto Plata",57204
"Paradero","Puerto Plata",57205
"Rancho Viejo","Puerto Plata",57206
"Cabia","Puerto Plata",57301
"Caonabo","Puerto Plata",57302
"Las Canas","Puerto Plata",57303
"Prez","Puerto Plata",57304
"Saballo","Puerto Plata",57305
"Marmolesjos","Puerto Plata",57401
"Unijica","Puerto Plata",57402
"Cambiaso","Puerto Plata",57501
"El Higo","Puerto Plata",57502
"El Estrecho","Puerto Plata",57503
"La Sabana","Puerto Plata",57504
"Los Bellosos","Puerto Plata",57505
"Ranchito de Los Vargas","Puerto Plata",57506
"Madre Vieja","Puerto Plata",57601
"Sabaneta de Cangrejo","Puerto Plata",57602
"Sabaneta de Ysica","Puerto Plata",57603
"Cabarete","Puerto Plata",57604
"Gualete","Puerto Plata",57701
"La Jaiba","Puerto Plata",57702
"Las Guaranas","Puerto Plata",57703
"Boca Nueva","Puerto Plata",57801
"Cangrejo","Puerto Plata",57802
"Caraballo","Puerto Plata",57803
"Los Ciruelos","Puerto Plata",57804
"Mozavi","Puerto Plata",57805
"Los Pinos","Puerto Plata",57901
"Rancho Manuel","Puerto Plata",57902
"Candelon","Puerto Plata",57101
"Las Isabela","Puerto Plata",57102
"Jaibon","Valverde",61001
"Los Quemados","Valverde",61002
"Guatapanal","Valverde",61003
"Potrero","Valverde",61004
"Hundidero","Valverde",61005
"Damajagua","Valverde",61101
"Loma de Damajagua","Valverde",61102
"Loma Del Aguacate","Valverde",61103
"Maizal","Valverde",61104
"Peuela","Valverde",61105
"Villa Heneken","Valverde",61106
"Loma de Maimn","Valverde",61107
"Guayacanes","Valverde",61201
"La Caya","Valverde",61202
"Ranchete","Valverde",61203
"Jaibon","Valverde",61204
"Amina","Valverde",61301
"Entrada de Mao","Valverde",61302
"El Rincn","Monte Cristi",62001
"Las Aguas","Monte Cristi",62002
"Las Peas","Monte Cristi",62003
"El Duro","Monte Cristi",62004
"Baitoal","Monte Cristi",62005
"El Ahogado","Monte Cristi",62101
"Lomas de Castauela","Monte Cristi",62102
"Castauelas","Monte Cristi",62103
"La Magadalena","Monte Cristi",62104
"El Vigiador","Monte Cristi",62105
"Cana Chapeton","Monte Cristi",62201
"Cerro Gordo","Monte Cristi",62202
"Juan Gmez","Monte Cristi",62203
"Martin Garcia","Monte Cristi",62204
"Sabana Cruz","Monte Cristi",62205
"Los Almaceyes","Monte Cristi",62301
"La Horca","Monte Cristi",62302
"Santa Cruz","Monte Cristi",62303
"Carbonera","Monte Cristi",62401
"Copey","Monte Cristi",62402
"Botoncillo","Monte Cristi",62501
"Los Conucos","Monte Cristi",62502
"Villa Garcias","Monte Cristi",62503
"El Copey","Monte Cristi",62601
"Guajaca","Monte Cristi",62602
"Hato Del Medio Arriba","Monte Cristi",62603
"El Papallo","Monte Cristi",62604
"Hatillo Palma Adentro","Monte Cristi",62701
"Los Derramadores","Monte Cristi",62702
"Doa Antonia","Monte Cristi",62703
"Caongo Dm","Dajabon",63001
"Cayuco","Dajabon",63002
"Sabana Larga","Dajabon",63003
"Clavelina","Dajabon",63004
"El Aguacate","Dajabon",63101
"Capotillo Dm","Dajabon",63102
"El Cajil","Dajabon",63103
"La Ceyba","Dajabon",63104
"Hipolito Billini","Dajabon",63105
"Monte Grande","Dajabon",63106
"Santiago de la Cruz","Dajabon",63107
"Partido Arriba","Dajabon",63201
"Baca Gorda","Dajabon",63202
"La Gorra","Dajabon",63203
"Chacuey","Dajabon",63204
"Cruz de Cabrera","Dajabon",63301
"El Carrizal","Dajabon",63302
"La Pocilga","Dajabon",63303
"Los Cerezos","Dajabon",63304
"Manuel Bueno Dm","Dajabon",63401
"El Rodeo","Dajabon",63402
"Arroyo Blanco","Santiago Rodriguez",64001
"La Caobas","Santiago Rodriguez",64002
"Los Cercadillos","Santiago Rodriguez",64003
"Clavijo","Santiago Rodriguez",64004
"Coqui","Santiago Rodriguez",64005
"Estancia Vieja","Santiago Rodriguez",64006
"Mata de Jobo","Santiago Rodriguez",64007
"Palmarejo","Santiago Rodriguez",64008
"San Jose","Santiago Rodriguez",64009
"Toma","Santiago Rodriguez",64010
"La Ceiba de Boneti","Santiago Rodriguez",64101
"El Dajao","Santiago Rodriguez",64102
"El Fundo","Santiago Rodriguez",64103
"Ginita","Santiago Rodriguez",64104
"Inaje","Santiago Rodriguez",64105
"La Lona","Santiago Rodriguez",64106
"El Mamoncito","Santiago Rodriguez",64201
"Gurado","Santiago Rodriguez",64202
"La Cacique","Santiago Rodriguez",64203
"El Rodeo","Santiago Rodriguez",64204
"Barreras Dm","Azua de Compostela",71001
"Clavellinas Dm","Azua de Compostela",71002
"La Altagracia","Azua de Compostela",71003
"Las Lomas Dm","Azua de Compostela",71004
"Los Jobillos Dm","Azua de Compostela",71005
"Puerto Viejo","Azua de Compostela",71006
"Emma Balaguer Vda.b.","Azua de Compostela",71007
"Las Barias Dm","Azua de Compostela",71008
"La Estancia Dm","Azua de Compostela",71009
"Los Ganaderos Dm","Azua de Compostela",71010
"Tabara Abajo Dm","Azua de Compostela",71011
"Barro Arriba Dm","Azua de Compostela",71101
"El Naranjito","Azua de Compostela",71102
"Caada Cimarrona","Azua de Compostela",71201
"Hatillo de Azua Dm","Azua de Compostela",71202
"Palmar de Ocoa Dm","Azua de Compostela",71203
"Hato Nuevo","Azua de Compostela",71301
"Magueyal","Azua de Compostela",71302
"Oregano Grande","Azua de Compostela",71303
"Viajama","Azua de Compostela",71304
"Arroyo Cano Dm","Azua de Compostela",71305
"Las Lagunas Dm","Azua de Compostela",71306
"Las Caitas","Azua de Compostela",71401
"La Siembra Dm","Azua de Compostela",71402
"Monte Bonito","Azua de Compostela",71403
"Villarpando Dm","Azua de Compostela",71404
"El Carrizal","Azua de Compostela",71501
"El Majagual","Azua de Compostela",71502
"Puerto Viejo Dm","Azua de Compostela",71503
"Proyecto 2-C","Azua de Compostela",71601
"Proyecto 4 Dm","Azua de Compostela",71602
"Proyecto D-1","Azua de Compostela",71603
"Tabara Abajo","Azua de Compostela",71604
"Amiama Gmez Dm","Azua de Compostela",71701
"Las Guanabanos","Azua de Compostela",71702
"Los Toros Dm","Azua de Compostela",71703
"Sajanoa","Azua de Compostela",71704
"El Memiso","Azua de Compostela",71801
"Rancho Del Pino","Azua de Compostela",71802
"La China","Azua de Compostela",71803
"Arroyo Colorado","Azua de Compostela",71804
"El Limon","Azua de Compostela",71805
"El Cruce de Estebania","Azua de Compostela",71806
"El 8","Azua de Compostela",71807
"Rio Grande","Azua de Compostela",71808
"Los Quemados","Azua de Compostela",71809
"Sabana de Miguel Martin","Azua de Compostela",71810
"Pueblo Viejo","Azua de Compostela",71101
"El Rosario Dm","Azua de Compostela",71102
"Chalona","San Juna de la Maguana",72001
"Guanito Dm","San Juna de la Maguana",72002
"Hato Del Padre","San Juna de la Maguana",72003
"Hato Nuevo","San Juna de la Maguana",72004
"La Jagua","San Juna de la Maguana",72005
"Las Zanjas","San Juna de la Maguana",72006
"Caafistol","San Juna de la Maguana",72007
"Mogollon","San Juna de la Maguana",72008
"Guazumal","San Juna de la Maguana",72009
"Pueblo Nuevo","San Juna de la Maguana",72010
"Rio Arriba Del Norte","San Juna de la Maguana",72011
"Sabana Alta Dm","San Juna de la Maguana",72012
"El Rosario Dm","San Juna de la Maguana",72013
"Arroyo Cano Dm","San Juna de la Maguana",72101
"Yaque Dm","San Juna de la Maguana",72102
"Al Pinal","San Juna de la Maguana",72201
"La Cienega","San Juna de la Maguana",72202
"Derrumbadero Dm","San Juna de la Maguana",72203
"Batista Dm","San Juna de la Maguana",72204
"Jinova Dm","San Juna de la Maguana",72301
"Sosa","San Juna de la Maguana",72302
"Los Montones","San Juna de la Maguana",72303
"Hato Del Padre Dm","San Juna de la Maguana",72304
"Las Managuas Dm","San Juna de la Maguana",72305
"Sabaneta Dm","San Juna de la Maguana",72306
"La Jagua Dm","San Juna de la Maguana",72307
"Carrera de Yegua Dm","New York",72402
"La Estancia","San Juna de la Maguana",72403
"Yabonico","San Juna de la Maguana",72404
"Matayaya Dm","San Juna de la Maguana",72405
"Babor","San Juna de la Maguana",72406
"Las Charcas de Maria Nova Dm","San Juna de la Maguana",72407
"Mabrigida","San Juna de la Maguana",72408
"Pedro Corto Dm","San Juna de la Maguana",72409
"Punta Cana","San Juna de la Maguana",72410
"Pozo Hondo","San Juna de la Maguana",72411
"Los Ladrillos","San Juna de la Maguana",72412
"Los Limones","San Juna de la Maguana",72413
"Sabanecierra","San Juna de la Maguana",72414
"Los Jovillos","San Juna de la Maguana",72415
"Catanamatia","San Juna de la Maguana",72416
"Pan de Azucar","San Juna de la Maguana",72417
"Jorgillo Dm","San Juna de la Maguana",72501
"Rio Arriba Del Sur","San Juna de la Maguana",72502
"Guayabo Dm","Elias Pia",73001
"Los Rinconcitos","Elias Pia",73002
"Pedro Blanco","Elias Pia",73003
"Angostura","Elias Pia",73004
"Hato Viejo","Elias Pia",73005
"La Jagua","Elias Pia",73006
"Juan Felipe","Elias Pia",73007
"Macasia","Elias Pia",73008
"Las Patillas","Elias Pia",73009
"El Pino","Elias Pia",73010
"Pinzon","Elias Pia",73011
"Potrozo","Elias Pia",73012
"Puello","Elias Pia",73013
"Sabana Larga Dm","Elias Pia",73014
"Las Caitas","Elias Pia",73101
"Higuerito","Elias Pia",73102
"Sabana Cruz Dm","Elias Pia",73103
"Sabana Mula","Elias Pia",73104
"Guaroa","Elias Pia",73105
"Guayabal","Elias Pia",73106
"Los Yareles","Elias Pia",73107
"Tabacal","Elias Pia",73108
"Sabana Higuero Dm","Elias Pia",73109
"Reboso","Elias Pia",73201
"Guanito","Elias Pia",73202
"Las Lagunas","Elias Pia",73203
"Blanco","Elias Pia",73204
"Aniceto Martnes","Elias Pia",73301
"Los Guineos","Elias Pia",73302
"Rancho de la Guardia","Elias Pia",73303
"Ranco de Pedro","Elias Pia",73304
"Las Palmas","Elias Pia",73401
"El Hoyo","Elias Pia",73402
"Guayacajuco","Elias Pia",73403
"Nicola Joca","Elias Pia",73404
"Rio Limpio Dm","Elias Pia",73405
"Rio Limpio","Elias Pia",73406
"La Cierrecita","Elias Pia",73407
"Billiguin","Elias Pia",73408
"Juan de la Cruz","Elias Pia",73501
"Sabana de la Loma","Elias Pia",73502
"Monte Mayor","Elias Pia",73503
"Rancho de la Guardia Dm","Elias Pia",73504
"Cachon","Barahona",81001
"Las Guazaras","Barahona",81002
"Manuel Diaz","Barahona",81003
"Tierra Blanca","Barahona",81101
"Caon Dm","Barahona",81102
"Arroyo Dulce Dm","Barahona",81201
"Buena Vista","Barahona",81202
"Caleton","Barahona",81203
"El Pino","Barahona",81204
"","Barahona",81301
"El Platon","Barahona",81401
"La Zanja Arriba","Barahona",81402
"Leonardo","Barahona",81403
"Los Patos Dm","Barahona",81404
"Ojeda","Barahona",81405
"Las Auyamas","Barahona",81501
"Los Charquitos","Barahona",81502
"Polo","Barahona",81503
"Fondo Negro Dm","Barahona",81601
"Quita Coraza Dm","Barahona",81602
"Canoa Dm","Barahona",81603
"Bombita","Barahona",81604
"Peon","Barahona",81701
"Peon Arriba","Barahona",81702
"Batey Altagracia","Barahona",81801
"La Hoya Pescaderia Dm","Barahona",81802
"El Arroyo","Barahona",81901
"Bahoruco Dm","Barahona",81902
"Guayuyal","Barahona",81903
"Juan Esteban","Barahona",81904
"Palo Alto Dm","Barahona",81101
"Lemba","Barahona",81102
"Los Saladillos","Barahona",81103
"Apolinar Perdomo","Bahoruco",82001
"El Estero","Bahoruco",82002
"Los Guineos","Bahoruco",82003
"El Manguito","Bahoruco",82004
"Las Petacas","Bahoruco",82005
"Los Roas","Bahoruco",82006
"El Copey","Bahoruco",82007
"El Aguacate","Bahoruco",82008
"El Mamn","Bahoruco",82101
"Majagual","Bahoruco",82102
"El Salado","Bahoruco",82103
"Las Tejas","Bahoruco",82104
"El Tamarindo","Bahoruco",82105
"Las Clavelinas Dm","Bahoruco",82201
"Higo de la Cruz","Bahoruco",82202
"Los Moquitos","Bahoruco",82203
"Barranca","Bahoruco",82301
"Cabeza de Toro Dm","Bahoruco",82302
"El Jobo","Bahoruco",82303
"Mena","Bahoruco",82304
"Moncerrat Dm","Bahoruco",82305
"Santana Dm","Bahoruco",82305
"Uvilla Dm","Bahoruco",82306
"El Palmar Dm","Bahoruco",82307
"El Barro","Bahoruco",82401
"Las Caitas","Bahoruco",82402
"Pie de Loma","Bahoruco",82403
"Mata de Naranja","Bahoruco",82404
"Arroyo Blanco","Independencia",83001
"Boca de Cachon","Independencia",83002
"El Limon Dm","Independencia",83003
"Tierra Nueva","Independencia",83004
"La Colonia Mixta Dm","Independencia",83101
"Puerto Escondido","Independencia",83102
"Vengan A Ver Dm","Independencia",83103
"Angel Feliz","Independencia",83201
"Los Pinos","Independencia",83202
"Bartolom","Independencia",83203
"Angostura","Independencia",83301
"Loa Bolos","Independencia",83401
"Batey 7","Independencia",83501
"Batey 8","Independencia",83502
"Batey 9","Independencia",83503
"Cabeza de Rio","Independencia",83504
"El Maniel","Independencia",83601
"Raiz Picada","Independencia",83602
"Babo Rojo","Pedernales",84001
"Las Mercedes","Pedernales",84002
"Mencia","Pedernales",84003
"Jose Francisco Pea Gomez Dm","Pedernales",84004
"Los Tres Charcos","Pedernales",84101
"Colonia Villa Esperanza","Pedernales",84201
"Borbon","San Cristobal",91001
"Hatillo","San Cristobal",91002
"Hato Damas Dm","San Cristobal",91003
"Ingenio Nuevo","San Cristobal",91004
"Naranjo Arriba","San Cristobal",91005
"Sainagua","San Cristobal",91006
"Santa Maria","San Cristobal",91007
"Medina Dm","San Cristobal",91008
"La Cuchilla Dm","San Cristobal",91009
"El Carril Dm","San Cristobal",91101
"La Pared","San Cristobal",91102
"El Ingenio","San Cristobal",91201
"Los Naranjos","San Cristobal",91202
"Cambita El Pueblecito Dm","San Cristobal",91301
"Calderon","San Cristobal",91302
"Humachon","San Cristobal",91303
"La Colonia","San Cristobal",91304
"Los Manantiales","San Cristobal",91305
"El Tablazo","San Cristobal",91306
"Boca de Nigua","San Cristobal",91401
"Najayo Abajo","San Cristobal",91401
"Juan Barn","San Cristobal",91501
"Sabana Palenque","San Cristobal",91502
"Las Gallardas","San Cristobal",91601
"Najayo Al Medio","San Cristobal",91602
"Mana de Yaguate","San Cristobal",91603
"Catarey","San Cristobal",91701
"Mana de Haina","San Cristobal",91702
"Medina","San Cristobal",91703
"Pino Herrado","San Cristobal",91704
"San Jos Del Puerto Dm","San Cristobal",91705
"El Cacique Dm","Monte Plata",92001
"El Centro","Monte Plata",92002
"El Dean Dm","Monte Plata",92003
"Hato Arriba","Monte Plata",92004
"La Lisa Dm","Monte Plata",92005
"Rio Boy Dm","Monte Plata",92006
"San Francisco","Monte Plata",92007
"Yabacao","Monte Plata",92008
"San Jose","Monte Plata",92009
"Antn Snchez","Monte Plata",92101
"Cojobal","Monte Plata",92102
"Comatillo","Monte Plata",92103
"Hidalgo","Monte Plata",92104
"Trinidad","Monte Plata",92105
"Cabeza de Toro","Monte Plata",92201
"Juan Snchez","Monte Plata",92202
"Majagual Dm","Monte Plata",92203
"Payabo","Monte Plata",92204
"La Gallina","Monte Plata",92301
"Hato Viejo","Monte Plata",92302
"Los Jobillos","Monte Plata",92303
"Pantoja","Monte Plata",92304
"San Antonio","Monte Plata",92305
"Esperalvillo","Monte Plata",92306
"Centro Penso","Monte Plata",92401
"La Cuaba","Monte Plata",92402
"La Guazuma","Monte Plata",92403
"La Placeta","Monte Plata",92404
"Los Limones","Monte Plata",92501
"Batey La Tarana Larga de G","Monte Plata",92502
"Los Botados","Monte Plata",92601
"Camaron","Monte Plata",92602
"La Cola","Monte Plata",92603
"La Mayas","Monte Plata",92604
"Reparadero","Monte Plata",9205
"La Yautia","Monte Plata",92506
"Las Auyamas","San Jose de Ocoa",93001
"La Gina","San Jose de Ocoa",93002
"Los Morones","San Jose de Ocoa",93003
"Las Barias","San Jose de Ocoa",94001
"Boca Canasta","San Jose de Ocoa",94002
"Las Calderas","San Jose de Ocoa",94003
"Caafistol","San Jose de Ocoa",94004
"El Carreton Dm","San Jose de Ocoa",94005
"Los Cateyes","San Jose de Ocoa",94006
"Boca Canasta","San Jose de Ocoa",94007
"Honduras","San Jose de Ocoa",94008
"Iguana","San Jose de Ocoa",94009
"Limonal Dm","San Jose de Ocoa",94010
"El Llano","San Jose de Ocoa",94011
"La Montera","San Jose de Ocoa",94012
"Juan Luis","San Jose de Ocoa",93004
"Arroyo Caa","San Jose de Ocoa",93005
"Mahoma","San Jose de Ocoa",93006
"Banilejo","San Jose de Ocoa",93007
"Quita Pea","San Jose de Ocoa",93008
"Quita Sueo","San Jose de Ocoa",93009
"Arroyo Bonito","San Jose de Ocoa",93010
"La Bocana","San Jose de Ocoa",93011
"Arroyo Manteca","San Jose de Ocoa",93012
"Las Avispas","San Jose de Ocoa",93101
"La Marca","San Jose de Ocoa",93102
"La Cumbre","San Jose de Ocoa",93103
"Nizao","San Jose de Ocoa",93104
"La Cienaga","San Jose de Ocoa",93105
"El Rosalito","San Jose de Ocoa",93106
"Naranjal","San Jose de Ocoa",93107
"Derrumbao","San Jose de Ocoa",93108
"Los Peas","San Jose de Ocoa",93109
"El Tamarindo","San Jose de Ocoa",93110
"Los Anones","San Jose de Ocoa",93111
"Limn","San Jose de Ocoa",93112
"Monte Arriba","San Jose de Ocoa",93113
"Los Ranchitos","San Jose de Ocoa",93114
"El Pinar","San Jose de Ocoa",93115
"Bejucal","San Jose de Ocoa",93116
"La Cienaga","San Jose de Ocoa",93117
"Los Caimitos","San Jose de Ocoa",93118
"Los Manaclares","San Jose de Ocoa",93119
"La Horma","San Jose de Ocoa",93120
"La Nuez","San Jose de Ocoa",93121
"Las Auyamas","San Jose de Ocoa",93122
"Arroyo Caa","San Jose de Ocoa",93123
"Don Gregorio","Peravia",94101
"Lucas Diaz","Peravia",94102
"Santana Dm","Peravia",94103
"Yiyos Gomez","Peravia",94104
"Las Carreras","Peravia",94301
"Los Ranchitos","Peravia",94302
"Quija Quieta","Peravia",94303
"Arroyo Hondo","Peravia",94304
"Las Calderas","Peravia",94305
"Las Dunas","Peravia",94306
"Las Salinas","Peravia",94307
"Matanza Dm","Peravia",94308
"Villa Guerra","Peravia",94309
"Sabana Indio","Peravia",94310
"La Montera","Peravia",94311
"Arroyo La Angostura","Peravia",94312
"Galen","Peravia",94313
"Loma Las Tablas","Peravia",94314
"Cruce de Ocoa","Peravia",94315
"Las Carreras","Peravia",94316
"Honduras","Peravia",94317
"Matadero","Peravia",94318
"La Catalina Dm","Peravia",94319
"La Noria","Peravia",94320
"El Carreton Dm","Peravia",94321
"Escondido","Peravia",94322
"Paya Dm","Peravia",94323
"Fundacion","Peravia",94324
"Boca Canasta","Peravia",94325
"El Llano","Peravia",94326
"Villa Sombrero Dm","Peravia",94327
"Caafistol","Peravia",94327
"Las Tablas","Peravia",94328
"El Buey","Peravia",94329
"Los Cateyes","Peravia",94330
"Loma de Valvacoa","Peravia",94331
"Monte Llano","Peravia",94332
"La Bejuquera","Peravia",94333
"Valdesia","Peravia",94334
"El Recodo","Peravia",94335
"Iguana","Peravia",94336
"Las Barias","Peravia",94337
"Las Yeguas","Peravia",94338
"Arroyo Salado","Peravia",94339
"Roblegal","Peravia",94340
"Sabana Larga","Peravia",94341
"Limonal Dm","Peravia",94342
"Pizarrete Dm","Peravia",94343
"Santana Dm","Peravia",94344
"El Palmarito","Peravia",94401
"Gualey","Peravia",94402
"Reparto Perello","Santiago",51082
"Reparto Peralta","Santiago",51122
"Reparto Panorama","Santiago",51103
"Reparto Oquet","Santiago",51102
"Reparto Montero","Santiago",51081
"Reparto Manhattan","Santiago",51072
"Reparto Kokette","Santiago",51052
"Reparto Imperial","Santiago",51033
"Reparto Hache","Santiago",51052
"Reparto Eliseo Perez","Santiago",51054
"Reparto Del Este","Santiago",51052
"Reparto Consuelo","Santiago",51061
"Quinta de Rincon Largo","Santiago",51033
"Pueblo Nuevo","Santiago",51083
"Pontezuela Al Medio","Santiago",51054
"Pontezuela Abajo","Santiago",51051
"Pontezuela","Santiago",51052
"Pia de Oro","Santiago",51122
"Pequin","Santiago",51031
"Pastor","Santiago",51122
"Parte Alta","Santiago",51012
"Nibaje","Santiago",51021
"Monumento","Santiago",51011
"Monte Adentro Arriba","Santiago",51051
"Mirador Del Yaque","Santiago",51122
"Los Salados","Santiago",51063
"Mejoramiento Social","Santiago",51082
"Barrio Prosperidad"," Monseor Nouel",42001
"La Salvia"," Monseor Nouel",42001
"Urb. Falcombridge"," Monseor Nouel",42001
"Urb. Jacaranda"," Monseor Nouel",42001
"Urb. La Salvia"," Monseor Nouel",42001
"Barrio La Privada"," Monseor Nouel",42002
"Barrio Los Olimpicos"," Monseor Nouel",42002
"Barrio Los Transformadores"," Monseor Nouel",42002
"Barrio San Jose"," Monseor Nouel",42002
"Barrio Santa Rosa"," Monseor Nouel",42002
"Ensanche Libertad"," Monseor Nouel",42002
"Mejoramiento Social"," Monseor Nouel",42002
"Reparto Quisqueya"," Monseor Nouel",42002
"Reparto Yuna"," Monseor Nouel",42002
"Zona Franca de Bonao"," Monseor Nouel",42002
"La Villa"," Monseor Nouel",42003
"Las Delicias"," Monseor Nouel",42003
"Urb. Miriam"," Monseor Nouel",42003
"Urb. San Pablo"," Monseor Nouel",42003
"Barrio Felito Mena"," Monseor Nouel",42004
"Barrio Las Flores"," Monseor Nouel",42004
"Barrio Puerto Rico"," Monseor Nouel",42004
"El Centro"," Monseor Nouel",42004
"El Fundo"," Monseor Nouel",42004
"Los Platanitos","Santiago",51082
"Los Perez","Santiago",51054
"Los Pepines","Santiago",51012
"Los Martires","Santiago",51031
"Los Laureles","Santiago",51042
"Los Jazmines","Santiago",51121
"Los Hidalgos","Santiago",51052
"Los Girasoles","Santiago",51031
"Los Colegios","Santiago",51103
"Los Ciruelitos","Santiago",51072
"Los Carritos","Santiago",51052
"Los Cajuiles","Santiago",51052
"Los Alamos","Santiago",51033
"Llanos de Gurabo","Santiago",51054
"Limonal Arriba","Santiago",51051
"Libertad II","Santiago",51073
"Las Palomas Arriba","Santiago",51042
"Las Palomas","Santiago",51043
"Las Damas","Santiago",51052
"Las Amopolas","Santiago",51042
"La Zurza III","Santiago",51013
"La Zurza II","Santiago",51011
"La Zurza","Santiago",51011
"La Yaguita de Pastor","Santiago",51122
"La Trinitaria","Santiago",51112
"La Terraza","Santiago",51071
"La Rosaleda","Santiago",51041
"La Rosa","Santiago",51071
"La Rinconada","Santiago",51041
"La Otra Banda","Santiago",51123
"La Moraleja","Santiago",51051
"La Lotereia","Santiago",51031
"La Joya","Santiago",51092
"La Herradura","Santiago",51124
"La Espaola","Santiago",51043
"La Cruz","Santiago",51054
"La Colina","Santiago",51072
"La Barranquita","Santiago",51122
"La Arboleda","Santiago",51032
"Jardines Metropolitano","Santiago",51101
"Jardines Del Rey","Santiago",51063
"Jardines Del Este","Santiago",51043
"Ingenio Arriba","Santiago",51074
"Hoya Del Caimito","Santiago",51052
"Hato Mayor","Santiago",51032
"Gurabo Abajo","Santiago",51061
"Franco Bid","Santiago",51042
"Francisco Del Rosario Sanchez","Santiago",51062
"Flor de Gurabo","Santiago",51054
"Flamboyan","Santiago",51041
"Esmeralda","Santiago",51041
"Ensanche Roman","Santiago",51091
"Ensanche Ramos","Santiago",51073
"Ensanche Libertad","Santiago",51073
"Ensanche La Rotonda","Santiago",51072
"Ensanche Julia","Santiago",51102
"Ensanche Gregorio Luperon","Santiago",51063
"Ensanche Espaillat","Santiago",51074
"Ensanche Bolivar","Santiago",51082
"Ensanche Bermudez","Santiago",51091
"Ens. Ortega","Santiago",51022
"El Rosal","Santiago",51043
"El Jido","Santiago",51082
"El Ensueo","Santiago",51021
"El Embrujo III","Santiago",51033
"El Embrujo II","Santiago",51033
"El Dorado II","Santiago",51052
"El Despertar II","Santiago",51043
"El Despertar","Santiago",51043
"El Centro","Santiago",51092
"El Brisol","Santiago",51062
"El Dorado I","Santiago",51053
"Don Pedro Arriba","Santiago",51052
"Don Pedro","Santiago",51052
"Cuesta Colorada","Santiago",51073
"Cruce de Don Pedro Arriba","Santiago",51052
"Cristo Rey","Santiago",51031
"Corona Plaza","Santiago",51124
"Corea","Santiago",51031
"Copal II","Santiago",51042
"Copal","Santiago",51042
"Conani","Santiago",51031
"Ciudad Satelite","Santiago",51074
"Cerros de Gurabo III","Santiago",51053
"Cerros de Gurabo II","Santiago",51053
"Cerros de Gurabo I","Santiago",51053
"Cerros de Bella Vista","Santiago",51122
"Cerro Hermoso","Santiago",51053
"Cerro Del Castillo","Santiago",51112
"Cerro de Jacagua","Santiago",51063
"Cerro Alto","Santiago",51062
"Canabacoa","Santiago",51091
"Canabacoa","Santiago",51032
"Campo de Golf","Santiago",51123
"Camboya","Santiago",51031
"Buena Vista","Santiago",51061
"Brisas Del Este","Santiago",51052
"Botanico Y Zoologico Regional","Santiago",51031
"Bo. Los Santos","Santiago",51071
"Bo. La Gloria","Santiago",51074
"Bo. Cadete Manolo Tavares Justo","Santiago",51063
"Bo. Cienfuego","Santiago",51074
"Bella Vista","Santiago",51122
"Barrio Pedro Francisco Bono","Santiago",51081
"Barrio Lindo","Santiago",51032
"Barrio La Gallera","Santiago",51041
"Barrio Hermanas Mirabal","Santiago",51082
"Barrio Duarte","Santiago",51073
"","Santiago",51082
"Arroyo Hondo","Santiago",51121
"Altos Del Invi","Santiago",51072
"Altos de Virella","Santiago",51073
"Altos de Peralta","Santiago",51122
"Sector Sin Nombre","Puerto Plata",57141
"Sabana Grande","Puerto Plata",57031
"Reparto Oliva","Puerto Plata",57011
"Padre Las Casas","Puerto Plata",57011
"Monasterio Monte","Puerto Plata",57151
"Ensanche Luperon","Puerto Plata",57081
"Ensanche Loa Castillos","Puerto Plata",57081
"Ens. Miramar","Puerto Plata",57091
"Barrrio Loa Guandules","Puerto Plata",57091
"Barrio Violon","Puerto Plata",57011
"Barrio Loa Mameyes","Puerto Plata",57011
"Barrio Las Yaguitas","Puerto Plata",57021
"Barrio Las Mercedes","Puerto Plata",57121
"Barrio La Zona","Puerto Plata",57091
"Barrio La Viara","Puerto Plata",57111
"Barrio La Rigola","Puerto Plata",57101
"Barrio Haiti","Puerto Plata",57121
"Barrio Habitad","Puerto Plata",57151
"Barrio El Avispero","Puerto Plata",57011
"Barrio Eduardo Brito","Puerto Plata",57101
"Barrio Dubeau","Puerto Plata",57111
"Barrio Cuzada de Amor","Puerto Plata",57021
"Barrio Cristo Rey","Puerto Plata",57021
"Barrio Arenoso","Puerto Plata",57091
"Barrio Altos de Chavon","Puerto Plata",57161
"Bahia de Puerto Plata","Puerto Plata",57111
"Alto de Rafey","Santiago",51074
"Barrio San Marcos","Puerto Plata",57151
"Barrio Playa Oeste","Puerto Plata",57111
"Barrio Padre Granjero","Puerto Plata",5751
"Barrio Mirador Sur","Puerto Plata",57021
"Aeropuerto Cibao","Santiago",51081
"Reparto Primavera","Santiago",51122
"Reparto Rincon Largo","Santiago",51111
"Reparto Tavares Oeste","Santiago",51013
"Reparto Universitario","Santiago",51034
"Barrio Los Silos Del Norte","Puerto Plata",57151
"Barrio Los Rieles","Puerto Plata",57151
"Barrio Los Limones","Puerto Plata",57161
"Barrio Los Dominguez","Puerto Plata",57161
"Barrio Los Coquitos","Puerto Plata",57121
"Barrio Los Bordas","Puerto Plata",57011
"Barrio Loa Sufridos","Puerto Plata",57011
"Res. Julissa","Santiago",51062
"Res. Vargas","Santiago",51051
"Retiro I","Santiago",51021
"Retiro II","Santiago",51021
"Sabaneta de la Paloma","Santiago",51043
"Santiago Apostol","Santiago",51112
"Tierra Alta","Santiago",51072
"Universidad Central Madre Y Maestra","Santiago",51034
"Urb. Miraflor","Santiago",51061
"Urbanisacion Fernandez","Santiago",51031
"Urbanisacion Fernando Valerio","Santiago",51031
"Urb. Alba Rosa","Santiago",51042
"Urb. Bermudez","Santiago",51101
"Urb. Brisa Del Palmar","Santiago",51051
"Urb. Casilda","Santiago",51053
"Urb. Eden","Santiago",51061
"Urb. El Despertar","Santiago",51043
"Urb. El Embrujo","Santiago",51043
"Urb. El Paraiso","Santiago",51061
"Urb. Fernandez Dominguez","Santiago",51081
"Urb. Fineta","Santiago",51051
"Urb. Henriquez","Santiago",51081
"Urb. Jardines Del Oeste","Santiago",51073
"Urb. Las Americas","Santiago",51073
"Urb. Las Antillas","Santiago",51073
"Urb. Las Palmas","Santiago",51073
"Urb. Los Reyes","Santiago",51062
"Urb. Mainardi Reyna","Santiago",51053
"Urb. Miraflor","Santiago",51062
"Urb. Monte Rico","Santiago",51074
"Urb. Monumental","Santiago",51042
"Urb. Noreda","Santiago",51061
"Urb. Paraiso I","Santiago",51061
"Urb. Sarah","Santiago",51042
"Urb. Thomen","Santiago",51032
"Urb. Villa Alba","Santiago",51051
"Valle Verde","Santiago",51121
"Valle Verde II","Santiago",51121
"Villa Jagua","Santiago",51022
"Villa Olga","Santiago",51042
"Villa Progreso","Santiago",51053
"Villas Del Norte","Santiago",51043
"Zona Franca Industrial","Santiago",51074
"Urb. Ginebra Arzeno","Puerto Plata",57171
"Urb. Arceno Urtado","Puerto Plata",57061
"Urb. Atlantica","Puerto Plata",5751
"Urb. Bayardo","Puerto Plata",57071
"Urb. Buenaventura","Puerto Plata",57041
"Urb. Costa Atlantica","Puerto Plata",57061
"Urb. Costabar","Puerto Plata",57131
"Urb. Cuesta Amarilla","Puerto Plata",57151
"Urb. El Cerro","Puerto Plata",57021
"Urb. Gregorio Luperon","Puerto Plata",57121
"Urb. Juan Brugal","Puerto Plata",57071
"Urb. La Estancia","Puerto Plata",57041
"Urb. Ortega Brugal","Puerto Plata",57161
"Urb. Reyes Caminero","Puerto Plata",57091
"Urb. Torre Alta","Puerto Plata",57041
"Urbbanizacion Reyes","Puerto Plata",57021
"Villa Progreso","Puerto Plata",57171
"Zona Franca Industrial","Puerto Plata",57131
"Barrio Av. Sosa","Provincia Espaillat",56071
"Barrio Batuto","Provincia Espaillat",56031
"Barrio Calaf","Provincia Espaillat",56061
"Barrio Del Resex Dabo","Provincia Espaillat",56051
"Barrio El Bolsillo","Provincia Espaillat",56071
"Barrio El Toro","Provincia Espaillat",56021
"Barrio Euripides","Provincia Espaillat",56031
"Barrio Gauchupita","Provincia Espaillat",56031
"Barrio Guaci","Provincia Espaillat",56061
"Barrio Horacio","Provincia Espaillat",56021
"Barrio Joan Lopito","Provincia Espaillat",56071
"Barrio La Esperanza","Provincia Espaillat",53071
"Barrio La Estancia","Provincia Espaillat",56061
"Barrio Los Maestros","Provincia Espaillat",56031
"Barrio Los Rieles","Provincia Espaillat",56061
"Barrio Muerto Borracho","Provincia Espaillat",56071
"Barrio Pueblo Abajo","Provincia Espaillat",56021
"Barrio Pueblo Arriba","Provincia Espaillat",56051
"Barrio Puerto Rico","Provincia Espaillat",56021
"Barrio Puerto Rico","Provincia Espaillat",56071
"Barrio Pulin","Provincia Espaillat",56051
"Barrio Quijada Quieta","Provincia Espaillat",56021
"Barrio Sal Si Puedes","Provincia Espaillat",56071
"Barrio San Jose","Provincia Espaillat",56021
"Barrio San Luis","Provincia Espaillat",56061
"Centro de la Ciudad","Provincia Espaillat",56011
"El Caimito","Provincia Espaillat",56051
"El Semillero","Provincia Espaillat",56051
"Entrada de la Soledad","Provincia Espaillat",56051
"Hincha","Provincia Espaillat",56051
"Ley Lama","Provincia Espaillat",56031
"Llenas","Provincia Espaillat",56051
"Los Caceres","Provincia Espaillat",56031
"Los Octavios","Provincia Espaillat",56101
"Los Profecionales","Provincia Espaillat",56031
"Mejoramiento Social","Provincia Espaillat",56051
"Mirador","Provincia Espaillat",56051
"Moronta","Provincia Espaillat",56031
"Recidencial Maria Del Carmen","Provincia Espaillat",56051
"Reparto Amelia","Provincia Espaillat",56051
"Res. Montreal","Provincia Espaillat",56031
"Res. Ambar","Provincia Espaillat",56051
"Res. Cabrera","Provincia Espaillat",56071
"Res. Irka","Provincia Espaillat",56021
"Urb. Del Este","Provincia Espaillat",56051
"Urb. Don Bosco","Provincia Espaillat",56041
"Urb. Grabiela","Provincia Espaillat",56051
"Urbanaizacion Lolita","Provincia Espaillat",56031
"Villa Carolina","Provincia Espaillat",56041
"Villa Del Rosario","Provincia Espaillat",56061
"Villa Delia","Provincia Espaillat",56071
"Villa Elsa","Provincia Espaillat",56051
"Villa Emely","Provincia Espaillat",56051
"Villa Estancia Nueva","Provincia Espaillat",56071
"Villa Estela","Provincia Espaillat",56041
"Villa Olga","Provincia Espaillat",56061
"Barrio Acapulco","Sanchez Ramirez",43001
"Centro de la Ciudad","Sanchez Ramirez",42002
"Barrio Esperanza","Sanchez Ramirez",42002
"Barrio Hato","Sanchez Ramirez",42002
"Barrio La Altagracia","Sanchez Ramirez",42002
"Barrio La Cotorra","Sanchez Ramirez",43001
"Barrio La Cruz","Sanchez Ramirez",43004
"Barrio La Fortunas","Sanchez Ramirez",42002
"Barrio La Yuca","Sanchez Ramirez",43003
"Barrio Libertad","Sanchez Ramirez",43001
"Barrio Los Algodones","Sanchez Ramirez",43003
"Barrio Los Cocos","Sanchez Ramirez",43001
"Barrio Los Espaoles","Sanchez Ramirez",43001
"Barrio Los Mineros","Sanchez Ramirez",43004
"Barrio Los Tocones","Sanchez Ramirez",43003
"Barrio Los Cajuiles","Sanchez Ramirez",43004
"Barrio Paraiso","Sanchez Ramirez",43004
"Barrio Pueblo Nuevo","Sanchez Ramirez",43004
"Barrio San Martin de Porres","Sanchez Ramirez",42002
"Barrio Santa Rosa","Sanchez Ramirez",43004
"Barrio Vietnam","Sanchez Ramirez",42002
"Altos Del Hatico","La Vega",41001
"Barrio La Primavera","La Vega",41001
"Barrio Maria Auxiliadora","La Vega",41002
"Barrio San Martin","La Vega",41001
"Don Bosco","La Vega",41002
"El Caminito","La Vega",41003
"El Manguito","La Vega",41005
"Enrriquillo","La Vega",41005
"Guarionex","La Vega",41002
"Juan Pablo Duarte","La Vega",41002
"La Arboleda","La Vega",41002
"La Arboleda II","La Vega",41002
"La Cigua","La Vega",41002
"Las Colinas","La Vega",41003
"Los Barrancones","La Vega",41002
"Los Pomos","La Vega",41005
"Napoles","La Vega",41001
"Palmarito","La Vega",41005
"Pepito Garcia","La Vega",41005
"Puerto Chiquito","La Vega",41002
"Res. Don Zoilo","La Vega",41005
"Res. Gamundi","La Vega",41003
"Res. Maria Estrella II","La Vega",41001
"Res. Prado Del Norte","La Vega",41003
"Res. Rivera","La Vega",41004
"Res. Santa Maria","La Vega",41005
"Residensial El Vedado","La Vega",41002
"San Antonio","La Vega",41004
"Terrero","La Vega",41002
"Urb. Ana Magalis","La Vega",41001
"Urb. Paraiso","La Vega",41002
"Villa Francisca I","La Vega",41001
"Villa Francisca II","La Vega",41001
"Villa Lora","La Vega",41005
"Villa Margarita","La Vega",41003
"Villa Mera","La Vega",41004
"Villa Paraiso","La Vega",41005
"Villa Rosa","La Vega",41002
"Villa Turey","La Vega",41001
"Alto de la Javiela","Duarte",31004
"Barrio Wilmore","Samana",32001
"Barrio Azul","Duarte",31001
"Barrio Cuesta Blanca","Duarte",31006
"Barrio El Capacito","Duarte",31007
"Barrio El Hormiguero","Duarte",31006
"Barrio Gregorio Luperon","Duarte",31001
"Barrio Hermanas Mirabal","Duarte",31005
"Barrio Jobo Bonito","Duarte",31005
"Barrio Las Colinas","Duarte",31006
"Barrio Los Jibaritos","Duarte",31006
"Barrio Pueblo Nuevo","Duarte",31006
"Barrio Puerto Rico","Duarte",31006
"Barrio Rivera Del Jaya","Duarte",31006
"Barrio San Pedro","Duarte",31005
"Barrio Ugamba","Duarte",31006
"Barrio Villa Duarte","Duarte",31006
"Bella Vista","Duarte",31006
"El Gallinero","Duarte",31001
"El Tejar","Duarte",31002
"Ensanche Capotillo","Duarte",31007
"Ensanche Duarte","Duarte",31005
"Ensanche Madrigal","Duarte",31005
"Ensanche Martin","Duarte",31004
"Ensanches Getsemani","Duarte",31001
"Ensanches William Mieses","Duarte",31001
"Invi","Duarte",31001
"La Guira","Duarte",31002
"Las Flores","Duarte",31001
"Los Weber","Duarte",31006
"Res. El Dorado","Duarte",31007
"Res. Los Rieles","Duarte",31003
"Res. Neftaly","Duarte",31002
"Santa Ana","Duarte",31001
"Urb. Alma Salime","Duarte",31002
"Urb. Almanzar","Duarte",31001
"Urb. Alvarez","Duarte",31001
"Urb. Andujar","Duarte",31002
"Urb. Brugal","Duarte",31002
"Urb. Campo Fernandez","Duarte",31002
"Urb. Caonabo","Duarte",31001
"Urb. Caonabo II","Duarte",31001
"Urb. Caperuza","Duarte",31002
"Urb. Caperuza II","Duarte",31002
"Urb. El Silencio I","Duarte",31002
"Urb. El Silencio II","Duarte",31002
"Urb. Estancia","Duarte",31006
"Urb. Felix","Duarte",31003
"Urb. Fernandez","Duarte",31006
"Urb. Francisco","Duarte",31003
"Urb. La Fortuna","Duarte",31002
"Urb. Las Palmas","Duarte",31003
"Urb. Lora","Duarte",31003
"Urb. Los Ciruelo","Duarte",31001
"Urb. Los Maestros","Duarte",31003
"Urb. Mirador Del Jaya","Duarte",31002
"Urb. Pia","Duarte",31002
"Urb. Pia III","Duarte",31002
"Urb. Riveras Del Jaya","Duarte",31006
"Urb. Seorita Ana","Duarte",31007
"Urb. Toribio Piantini","Duarte",31004
"Ventura Grullon","Duarte",31005
"Villa Olimpica","Duarte",31004
"Vista Del Valle","Duarte",31001
"Barrio El Millon","Samana",32001
"Barrio New York","Samana",32001
"Barrio La Fortaleza","Samana",32001
"Villa Salma","Samana",32001
"Barrio Capitalista","Maria Trinidad Sanchez",33003
"Barrio Doralisa Ulloa","Maria Trinidad Sanchez",33001
"Barrio El Eden","Maria Trinidad Sanchez",33003
"Barrio La 500","Maria Trinidad Sanchez",33003
"Barrio Libertad","Maria Trinidad Sanchez",33003
"Barrio Prd","Maria Trinidad Sanchez",33003
"Barrio Quisqueyano","Maria Trinidad Sanchez",33003
"Barrio Roberto Fermin","Maria Trinidad Sanchez",33003
"Barrio San Jose","Maria Trinidad Sanchez",33002
"Barrio Santisima Trinidad","Maria Trinidad Sanchez",33003
"Barrio Universitaria","Maria Trinidad Sanchez",33003
"Centro de la Ciudad","Maria Trinidad Sanchez",33003
"Pueblo Nuevo","Maria Trinidad Sanchez",33001
"Alto de Piedra","Hermanas Mirabal",34002
"Barrio Bietnam","Hermanas Mirabal",34001
"Barrio Clavijo","Hermanas Mirabal",34002
"Barrio El Chucho","Hermanas Mirabal",34002
"Barrio El Hoyo","Hermanas Mirabal",34001
"Barrio La Caoba","Hermanas Mirabal",34001
"Barrio Las Flores","Hermanas Mirabal",34001
"Barrio San Antonio","Hermanas Mirabal",34001
"Barrio San Lorenzo","Hermanas Mirabal",34002
"Barriolos Maestros","Hermanas Mirabal",34001
"Barriolos Mangos","Hermanas Mirabal",34001
"Centro de la Ciudad","Hermanas Mirabal",34001
"Urb. Los Almendros","Hermanas Mirabal",34001
"Barrio 24 de Abril","San Pedro de Macoris",21004
"Barrio Azul","San Pedro de Macoris",21004
"Barrio Blanco","San Pedro de Macoris",21009
"Barrio Cerveceria","San Pedro de Macoris",21006
"Barrio El 3 I/2","San Pedro de Macoris",21006
"Barrio El Silencio","San Pedro de Macoris",21009
"Barrio El Toconal","San Pedro de Macoris",21001
"Barrio Esperanza","San Pedro de Macoris",21009
"Barrio Invicea","San Pedro de Macoris",21005
"Barrio Japon","San Pedro de Macoris",21001
"Barrio La Filipina","San Pedro de Macoris",21001
"Barrio La Puerta","San Pedro de Macoris",21004
"Barrio La Punta","San Pedro de Macoris",21009
"Barrio La Urea","San Pedro de Macoris",21001
"Barrio Las Piedras","San Pedro de Macoris",21001
"Barrio Lindo","San Pedro de Macoris",21006
"Barrio Los Cajones","San Pedro de Macoris",21002
"Barrio Los Cuatros Caminos","San Pedro de Macoris",21005
"Barrio Los Maestros","San Pedro de Macoris",21007
"Barrio Mexico","San Pedro de Macoris",21008
"Barrio Miramar","San Pedro de Macoris",21001
"Barrio Nuevo","San Pedro de Macoris",21005
"Barrio Obrero","San Pedro de Macoris",21009
"Barrio Ortiz","San Pedro de Macoris",21007
"Barrio Placer Bonito","San Pedro de Macoris",21009
"Barrio Plan Porvenir","San Pedro de Macoris",21002
"Barrio Pueblo Nuevo","San Pedro de Macoris",21001
"Barrio Restauracion","San Pedro de Macoris",21007
"Barrio Sarmiento","San Pedro de Macoris",21002
"Barrio Villa Providencia","San Pedro de Macoris",21008
"Batey Central","San Pedro de Macoris",21005
"Buenos Aires","San Pedro de Macoris",21005
"Cerveceria Nacional Dominicana","San Pedro de Macoris",21007
"Ensanche Vega","San Pedro de Macoris",21005
"Farrio Las Flores","San Pedro de Macoris",21001
"Ingenio Porvenir","San Pedro de Macoris",21004
"Punta de Garza","San Pedro de Macoris",21009
"Urb. Evangelina Rodriguez","San Pedro de Macoris",21008
"Urb. Enrriquillo","San Pedro de Macoris",21002
"Urb. Evaristo Sanchez","San Pedro de Macoris",21001
"Urb. Independencia","San Pedro de Macoris",21007
"Urb. Jhon F. Kennedy","San Pedro de Macoris",21007
"Urb. La Roca","San Pedro de Macoris",21001
"Urb. Universitaria","San Pedro de Macoris",21002
"Urb. Vicini","San Pedro de Macoris",21009
"Villa Magdalena","San Pedro de Macoris",21005
"Villa Olimpica","San Pedro de Macoris",21005
"Villa Progreso","San Pedro de Macoris",21006
"Zona Franca Industrial","San Pedro de Macoris",21003
"Altos Del Rio Dulce","La Romana",22005
"Balneario El Calenton","La Romana",22004
"Barrio Bancola","La Romana",22006
"Barrio Invi","La Romana",22001
"Barrio La Caleta","La Romana",22003
"Barrio Rio Salado","La Romana",22006
"Barrio San Carlos","La Romana",22007
"Barrio Santa Fe","La Romana",22006
"Barrio York","La Romana",22007
"Central Romana","La Romana",22003
"Deposito Central Romana","La Romana",22002
"Ens. Almeyra","La Romana",22007
"Ensanche Chicago","La Romana",22001
"Ensanche La Hoz","La Romana",22006
"Ensanche La Paz","La Romana",22002
"Ensanche Miramar","La Romana",22001
"Reparto Benjamin","La Romana",22003
"Res. Melissa","La Romana",22003
"Urb. Buena Vista Este","La Romana",22004
"Urb. Buena Vista Norte","La Romana",22004
"Urb. Buena Vista Sur","La Romana",22004
"Urb. Don Juan","La Romana",22002
"Urb. Las Piedras","La Romana",22005
"Urb. Madrigal","La Romana",22010
"Urb. Papagayo","La Romana",22005
"Urb. Preconca","La Romana",22005
"Urb. Quisqueya","La Romana",22001
"Urb. Torres","La Romana",22010
"Villa Pereira","La Romana",22001
"Barrio Antonio Guzman","La Altagracia",23002
"Villa Verde","La Romana",22007
"Zona Franca Industrial I","La Romana",22009
"Nueva Zona Franca Industrial II","La Romana",22008
"Barrio Cambelen","La Altagracia",23002
"Barrio Chino","La Altagracia",23001
"Barrio El Neranjo","La Altagracia",23002
"Barrio Hoyo Caliente","La Altagracia",23002
"Barrio La Aviacion","La Altagracia",23002
"Barrio La Florida","La Altagracia",23002
"Barrio Los Coquitos","La Altagracia",23002
"Barrio Los Platanitos","La Altagracia",23002
"Barrio Los Sotos","La Altagracia",23001
"Barrio Mama Tingo","La Altagracia",23002
"Barrio Obispo","La Altagracia",23002
"Barrio San Francisco","La Altagracia",23002
"Barrio San Jose","La Altagracia",23002
"Barrio San Martin de Porres","La Altagracia",23001
"Basilica Nustra Sra. de la Alt.","La Altagracia",23002
"Juan Pablo Duarte","La Altagracia",23001
"Los Rosales I","La Altagracia",23001
"Los Rosales II","La Altagracia",23001
"Lotificacion Levanto","La Altagracia",23002
"Lotificasion Don Eusebio","La Altagracia",23001
"Lotificasion La Altagracia","La Altagracia",23001
"Res. 21 de Enero","La Altagracia",23002
"Res. Ana Amelia","La Altagracia",23001
"Res. Freijo Mil","La Altagracia",23001
"Urb. La Virgen","La Altagracia",23002
"Urb. Luisa Perla","La Altagracia",23001
"Urb. San Pedro","La Altagracia",23001
"Vista Hermosa","La Altagracia",23001
"Zona Franca Industrial","La Altagracia",23001
"Barrio Caada Francisca","El Seybo",24001
"Barrio Capotillo","El Seybo",24002
"Barrio El Retiro","El Seybo",24002
"Barrio Jina Andiana","El Seybo",24002
"Barrio La Manicera","El Seybo",24002
"Barrio Las 500","El Seybo",24001
"Barrio Los Cajuiles","El Seybo",24001
"Barrio Los Hoyos","El Seybo",24001
"Buenos Aires","El Seybo",24002
"Centro de la Cuidad","El Seybo",24001
"Ens. Palo Hincado","El Seybo",24002
"Mirador Sur","El Seybo",24002
"Barrio Gualey","Hato Mayor",25002
"Barrio Las Guazumas","Hato Mayor",25001
"Barrio Las Malvinas","Hato Mayor",25003
"Barrio Los Barriola","Hato Mayor",25002
"Barrio Ondina","Hato Mayor",25003
"Barrio Puerto Rico","Hato Mayor",25001
"Centro de la Ciudad","Hato Mayor",25002
"Villa Canto","Hato Mayor",25003
"Zona Franca Industrial","Hato Mayor",25002
"Barrio 30 de Mayo","Monte Plata",92002
"Barrio La Ceja","Monte Plata",92001
"Barrio La Gallera","Monte Plata",92002
"Barrio Vietnam","Monte Plata",92001
"Centro de la Ciudad","Monte Plata",92002
"Barrio 5 de Abril","San Cristobal",91005
"Barrio Arena","San Cristobal",91003
"Barrio Concentracion","San Cristobal",91003
"Barrio Favidrio","San Cristobal",91003
"Barrio Jeringa","San Cristobal",91004
"Barrio La Constitucion","San Cristobal",91005
"Barrio La Coquera","San Cristobal",91002
"Barrio La Pia","San Cristobal",91003
"Barrio Las Flores","San Cristobal",91004
"Barrio Los Nova","San Cristobal",91005
"Barrio Nueva Esperanza","San Cristobal",91001
"Barrio Puerto Rico","San Cristobal",91005
"Barrio San Isidro","San Cristobal",91001
"Canatica","San Cristobal",91002
"Caada Honda","San Cristobal",91002
"Centro de la Ciudad","San Cristobal",91004
"Conani","San Cristobal",91001
"El Cerro","San Cristobal",91001
"Ens. Constitucion","San Cristobal",91003
"Ens. Juan Pablo Duarte","San Cristobal",91003
"Lava Pie","San Cristobal",91002
"Madre Vieja Norte","San Cristobal",91003
"Madre Vieja Sur","San Cristobal",91003
"Pueblo Nuevo","San Cristobal",91001
"San Antaonio","San Cristobal",91002
"Urb. Colina Hermosa","San Cristobal",91005
"Urb. Las Arecas","San Cristobal",91003
"Urb. Santes","San Cristobal",91003
"Villa Fundacion","San Cristobal",91005
"30 de Mayo","Peravia",94001
"Barrio Santa Ana","Peravia",94002
"Brisas Del Guazuma","Peravia",94004
"El Fundo","Peravia",94005
"Las Marias","Peravia",94002
"Los Barrancones","Peravia",94005
"Mejoramiento Social","Peravia",94001
"Pueblo Nuevo","Peravia",94005
"Res. Brisas Del Canal","Peravia",94003
"Res. Claudia","Peravia",94002
"Res. Hermanos Serret","Peravia",94003
"Res. Maria Del Carmen","Peravia",94002
"Santa Cruz","Peravia",94005
"Santa Rosa","Peravia",94003
"Urb. Maximo Gomez","Peravia",94003
"Villa Carmen","Peravia",94005
"Villa David","Peravia",94005
"Villa Majega","Peravia",94004
"Aeropuerto Viejo","Barahona",81006
"Alto de las Flores","Azua",71002
"Barrio Buenos Aires","Azua",71002
"Barrio El Hoyo","Azua",71003
"Barrio El Prado","Azua",71002
"Barrio El Trompo","Azua",71003
"Barrio La Bombita","Azua",71003
"Barrio La Cuchilla","Azua",71003
"Barrio La Frontera","Azua",71002
"Barrio Los Cartones","Azua",71001
"Barrio Pajarito","Azua",71002
"Barrio Simon Estridel","Azua",71001
"Centro de la Ciudad","Azua",71001
"La Colonia Espaola","Azua",71002
"Los Macos","Azua",71001
"Los Parceleros","Azua",71001
"Mejoramiento Social","Azua",71002
"Pueblo Abajo","Azua",71001
"Savica","Azua",71001
"","Azua",71003
"Barrio Cepillo","San Juan de la Maguana",72004
"Barrio Guachupita","San Juan de la Maguana",72001
"Barrio Gualey","San Juan de la Maguana",72004
"Barrio Los Mojados","San Juan de la Maguana",72001
"Barrio Quija Quieta","San Juan de la Maguana",72001
"Centro de la Ciudad","San Juan de la Maguana",72003
"El Baden","San Juan de la Maguana",72004
"Ens. Anacaona","San Juan de la Maguana",72004
"Ens. La Fe","San Juan de la Maguana",72003
"Ens. Mesopotamia","San Juan de la Maguana",72004
"Francisco Del Rosario Sanchesz","San Juan de la Maguana",72001
"Los Grimgos","San Juan de la Maguana",72002
"Los Montes de Oca","San Juan de la Maguana",72004
"Urb. Manoguayabo","San Juan de la Maguana",72001
"Villa Felicia","San Juan de la Maguana",72002
"Villa Flores","San Juan de la Maguana",72001
"Villa Ofelia","San Juan de la Maguana",72002
"Barrio Rafael","San Jose de Ocoa",93001
"Clavellina","San Jose de Ocoa",93002
"La Vija","San Jose de Ocoa",93001
"Nuestro Esfuerzo","San Jose de Ocoa",93003
"Pueblo Abajo","San Jose de Ocoa",93002
"Res. Los Maestros","San Jose de Ocoa",93003
"San Antonio","San Jose de Ocoa",93003
"San Luis","San Jose de Ocoa",93002
"Centro de la Ciudad","Elias Pia",73003
"Galindo","Elias Pia",73001
"La Primaria","Elias Pia",73002
"Alto Velo","Barahona",81001
"Baitoita","Barahona",81002
"Barrio Enriquillo","Barahona",81003
"Barrio Jarro Sucio","Barahona",81006
"Barrio Juan Pablo Duarte","Barahona",81006
"Barrio La Playa","Barahona",81003
"Barrio Los Block","Barahona",81006
"Batey Central","Barahona",81006
"Camboya","Barahona",81008
"Centro de la Ciudad","Barahona",81002
"El Arco","Barahona",81005
"Invi-Cea","Barahona",81006
"Las Flores","Barahona",81001
"Lotificacion Blanquisales","Barahona",81007
"Mejoramiento Social","Barahona",81005
"Naco","Barahona",81005
"Palmarito","Barahona",81007
"Parte Norte de la Ciudad","Barahona",81004
"Pueblo Nuevo","Barahona",81001
"Savica","Barahona",81007
"Villa Estela","Barahona",81002
"Zona Franca de Barahona","Barahona",81006
"30 de Mayo","Barahona",81005
"Cachon Seco","Bahoruco",82003
"El Tanque","Bahoruco",82002
"El Tejal","Bahoruco",82002
"Jose Alberto Caamao","Bahoruco",82001
"La J","Bahoruco",82003
"Barrio Calorina","Valverde",61003
"La Botella","Bahoruco",82003
"La Cuaba","Bahoruco",82001
"Las Malbinas","Bahoruco",82002
"Los Coquitos","Bahoruco",82002
"Plaza Cacique","Bahoruco",82003
"Santa Cruz","Bahoruco",82003
"Te Jinca","Bahoruco",82002
"Villa Paja","Bahoruco",82001
"Barrio El Cerro","Independencia",83003
"Barrio Para Militares","Independencia",83002
"Boca Del Cachon","Independencia",83003
"Centro de la Ciudad","Independencia",83002
"El Invi","Independencia",83001
"El Limon","Independencia",83003
"La K","Independencia",83002
"La 50","Independencia",83001
"Solidaridad","Independencia",83002
"Tierra Nueva","Independencia",83003
"Viejo Jimani","Independencia",83001
"Alcoha","Pedernales",84003
"Campo de Aviacion Nuevo","Pedernales",84018
"Campo de Aviacion Viejo","Pedernales",84017
"Centro de la Ciudad","Pedernales",84020
"El Tanque","Pedernales",84019
"Ines","Pedernales",84008
"Jose Francisco Pea Gomez","Pedernales",84011
"Las Flores","Pedernales",84014
"Las Mercedes","Pedernales",84010
"Los Altagracianos","Pedernales",84012
"Los Cayucos","Pedernales",84016
"Los Guayacanes","Pedernales",84009
"Milital","Pedernales",84002
"Miramar Nuevo","Pedernales",84007
"Miramar Viejo","Pedernales",84006
"Nicolas Feliz","Pedernales",84001
"Savica","Pedernales",84013
"Verde","Pedernales",84015
"Villa Del Mar","Pedernales",84005
"Barrio Coral Gissel","Valverde",61001
"Barrio de Oficiales E.n","Valverde",61002
"Barrio Desiderio Aria","Valverde",61001
"Barrio El Hatico","Valverde",61004
"Barrio El Tronco","Valverde",61004
"Barrio Enriquillo","Valverde",61004
"Barrio La Codal","Valverde",61001
"Barrio La Cuarenta","Valverde",61002
"Barrio La Hora de Dios","Valverde",61003
"Barrio Las 300","Valverde",61002
"Barrio Las Flores","Valverde",61003
"Barrio Las Flores","Valverde",61003
"Barrio Los Cayucos","Valverde",61003
"Barrio Los Medicos","Valverde",61001
"Barrio Maria Auxiliadora","Valverde",61002
"Barrio Militar","Valverde",61004
"Barrio Obras Publicas","Valverde",61001
"Barrio Pericles","Valverde",61002
"Barrio Rincon","Valverde",61004
"Barrio San Antonio","Valverde",61002
"Barriolos Cajuiles","Valverde",61002
"Bello Atardeser","Valverde",61003
"Brisa Del Norte","Valverde",61003
"Buenos Aires","Valverde",61003
"Caada de Piedra","Valverde",61003
"Centro de la Ciudad","Valverde",61003
"Cerro Marino","Valverde",61003
"El Aserradero","Valverde",61001
"El Batey","Valverde",61004
"Los Laureles","Valverde",61001
"Res. Los Querubines","Valverde",61002
"Villa Bogaert","Valverde",61002
"Villa Diego","Valverde",61003
"Villa Olimpica","Valverde",61001
"Yerba de Guinea","Valverde",61004
"Barrio La Manicera","Santiago Rodriguez",64001
"Barrio Alejandro Bueno","Santiago Rodriguez",64002
"Barrio Cambelen","Santiago Rodriguez",64001
"Barrio El Millon","Santiago Rodriguez",64002
"Barrio El Tamarindo","Santiago Rodriguez",64002
"Barrio La Joya","Santiago Rodriguez",64001
"Barrio Las Espinas","Santiago Rodriguez",64002
"Barrio Los Maestros","Santiago Rodriguez",64002
"Barrio Mejoramiento Social","Santiago Rodriguez",64001
"Barrio Simo","Santiago Rodriguez",64002
"Barriolas Flores","Santiago Rodriguez",64002
"Centro de la Ciudad","Santiago Rodriguez",64002
"Los Tomines","Santiago Rodriguez",64002
"Urb. Merien","Santiago Rodriguez",64002
"Villa Polin","Santiago Rodriguez",64002
"Altos de la Palomas","Montecristi",62001
"Barrio Francisco Javier","Montecristi",62002
"Barrio La Aviacion","Montecristi",62002
"Barrio Las Flores","Montecristi",62002
"Barrio Salomon Jorge","Montecristi",62001
"Barrio San Fernando","Montecristi",62002
"Barrio San Pedro","Montecristi",62002
"Bella Vista","Montecristi",62001
"Centro de la Ciudad","Montecristi",62002
"Cerros de San Pedro","Montecristi",62002
"Cristo Rey","Montecristi",62002
"Guatapanal","Montecristi",62002
"Hermanas Mirabal","Montecristi",62001
"Las Colinas","Montecristi",62002
"Los Angeles","Montecristi",62001
"Los Jazmines","Montecristi",62001
"Mejoramiento Social","Montecristi",62001
"Salinas","Montecristi",62001
"Barrio La Esperanza","Dajabon",63003
"Barrio La Fe","Dajabon",63004
"Barrio Militar","Dajabon",63003
"Barrio Nuevo","Dajabon",63004
"Barrio Benito Moncion","Dajabon",63001
"Centro de la Ciudad","Dajabon",63002
"Plaza Beller","Dajabon",63003
"Mama Tingo","Higuey",23002
"Barrio La Ceja","Monte Plata",92001
"Barrio La Ceja","Monte Plata",92001